id,created_at,updated_at,date,new_to_brand_sales_clicks,viewability_rate,purchases_clicks,detail_page_views,match_type,new_to_brand_sales_percentage,units_sold,sales,qualified_borrows_from_clicks,add_to_list_from_clicks,cost_type,campaign_status,targeting_type,view_click_through_rate,campaign_budget_amount,royalty_qualified_borrows_from_clicks,purchases_promoted,new_to_brand_detail_page_view_rate,purchases,ad_group_name,campaign_id,new_to_brand_purchases_percentage,qualified_borrows,keyword_text,sales_promoted,campaign_budget_currency_code,video_complete_views,sales_clicks,video_first_quartile_views,new_to_brand_purchases_rate,units_sold_clicks,keyword_id,branded_searches,video5_second_views,top_of_search_impression_share,royalty_qualified_borrows,new_to_brand_ecp_detail_page_view,new_to_brand_purchases,branded_searches_clicks,ad_group_id,add_to_list,keyword_bid,new_to_brand_sales,new_to_brand_purchases_clicks,campaign_budget_type,ad_keyword_status,add_to_cart_clicks,video_unmutes,add_to_cart,keyword_type,video_third_quartile_views,add_to_cart_rate,cost,targeting_id,new_to_brand_detail_page_views_clicks,impressions,new_to_brand_units_sold,targeting_expression,viewable_impressions,detail_page_views_clicks,targeting_text,e_cp_add_to_cart,new_to_brand_detail_page_views,clicks,video_midpoint_views,video5_second_view_rate,new_to_brand_units_sold_clicks,new_to_brand_units_sold_percentage,campaign_name,report_type_request,country_code_request,customer_request,file_name_request,parse_time_request
9109,2026-04-21 01:59:27.891834,2026-04-21 01:59:27.891834,2026-04-09,0.0,43.12,0,4,EXACT,0.0,0,0.0,0,0,CPC,ENABLED,EXACT,4.26,300.0,0,0,183.4862385321101,0,Inner-SB-Collection-gumm-magnesium-CPC-1,107283922414881,0.0,0,magnesium glycinate gummies,0.0,USD,0,0.0,0,0.0,0,63809869731050,0,0,1.45,0,3.5,0,0,451520502515809,0,3.5,0.0,0,DAILY_BUDGET,ENABLED,0,0,0,EXACT,0,0.0,7.0,63809869731050,2,109,0,magnesium glycinate gummies,47,4,magnesium glycinate gummies,0.0,2,2,0,0.0,0,0.0,Inner-SB-Collection-gumm-magnesium-CPC-1,sbTargeting,US,INNERBRIGHTNESS,sbTargeting_innerbrightness_US_2026-03-21_2026-04-20.json,2026-04-21 01:59:27
9110,2026-04-21 01:59:27.891834,2026-04-21 01:59:27.891834,2026-04-10,0.0,58.56,0,1,EXACT,0.0,0,0.0,0,0,CPC,ENABLED,EXACT,0.94,300.0,0,0,0.0,0,Inner-SB-Collection-gumm-magnesium-CPC-1,107283922414881,0.0,0,magnesium glycinate gummies,0.0,USD,0,0.0,0,0.0,0,63809869731050,0,0,4.19,0,0.0,0,0,451520502515809,0,3.5,0.0,0,DAILY_BUDGET,ENABLED,0,0,0,EXACT,0,0.0,4.8,63809869731050,0,181,0,magnesium glycinate gummies,106,1,magnesium glycinate gummies,0.0,0,1,0,0.0,0,0.0,Inner-SB-Collection-gumm-magnesium-CPC-1,sbTargeting,US,INNERBRIGHTNESS,sbTargeting_innerbrightness_US_2026-03-21_2026-04-20.json,2026-04-21 01:59:27
9111,2026-04-21 01:59:27.891834,2026-04-21 01:59:27.891834,2026-04-09,0.0,48.48,0,0,EXACT,0.0,0,0.0,0,0,CPC,ENABLED,EXACT,0.0,300.0,0,0,0.0,0,Inner-SB-Collection-gumm-magnesium-CPC-1,107283922414881,0.0,0,magnesium gummies,0.0,USD,0,0.0,0,0.0,0,214558527883028,0,0,1.13,0,0.0,0,0,451520502515809,0,3.5,0.0,0,DAILY_BUDGET,ENABLED,0,0,0,EXACT,0,0.0,0.0,214558527883028,0,33,0,magnesium gummies,16,0,magnesium gummies,0.0,0,0,0,0.0,0,0.0,Inner-SB-Collection-gumm-magnesium-CPC-1,sbTargeting,US,INNERBRIGHTNESS,sbTargeting_innerbrightness_US_2026-03-21_2026-04-20.json,2026-04-21 01:59:27
9112,2026-04-21 01:59:27.891834,2026-04-21 01:59:27.891834,2026-04-10,27.99,55.74,1,8,EXACT,100.0,1,27.99,0,0,CPC,ENABLED,EXACT,11.76,300.0,0,1,491.8032786885246,1,Inner-SB-Collection-gumm-magnesium-CPC-1,107283922414881,100.0,0,magnesium gummies,27.99,USD,0,27.99,0,25.0,1,214558527883028,0,0,2.57,0,5.6,1,0,451520502515809,0,3.5,27.99,1,DAILY_BUDGET,ENABLED,1,0,1,EXACT,0,163.9344262295082,16.8,214558527883028,3,61,1,magnesium gummies,34,8,magnesium gummies,16.8,3,4,0,0.0,1,100.0,Inner-SB-Collection-gumm-magnesium-CPC-1,sbTargeting,US,INNERBRIGHTNESS,sbTargeting_innerbrightness_US_2026-03-21_2026-04-20.json,2026-04-21 01:59:27
9113,2026-04-21 01:59:27.891834,2026-04-21 01:59:27.891834,2026-04-09,0.0,100.0,0,0,EXACT,0.0,0,0.0,0,0,CPC,ENABLED,EXACT,0.0,300.0,0,0,0.0,0,Inner-SB-Collection-gumm-magnesium-CPC-1,107283922414881,0.0,0,magnesium gummies for women,0.0,USD,0,0.0,0,0.0,0,213223474575661,0,0,0.78,0,0.0,0,0,451520502515809,0,3.5,0.0,0,DAILY_BUDGET,ENABLED,0,0,0,EXACT,0,0.0,0.0,213223474575661,0,3,0,magnesium gummies for women,3,0,magnesium gummies for women,0.0,0,0,0,0.0,0,0.0,Inner-SB-Collection-gumm-magnesium-CPC-1,sbTargeting,US,INNERBRIGHTNESS,sbTargeting_innerbrightness_US_2026-03-21_2026-04-20.json,2026-04-21 01:59:27
9114,2026-04-21 01:59:27.891834,2026-04-21 01:59:27.891834,2026-04-10,0.0,57.14,0,0,EXACT,0.0,0,0.0,0,0,CPC,ENABLED,EXACT,0.0,300.0,0,0,0.0,0,Inner-SB-Collection-gumm-magnesium-CPC-1,107283922414881,0.0,0,magnesium gummies for women,0.0,USD,0,0.0,0,0.0,0,213223474575661,0,0,2.65,0,0.0,0,0,451520502515809,0,3.5,0.0,0,DAILY_BUDGET,ENABLED,0,0,0,EXACT,0,0.0,0.0,213223474575661,0,7,0,magnesium gummies for women,4,0,magnesium gummies for women,0.0,0,0,0,0.0,0,0.0,Inner-SB-Collection-gumm-magnesium-CPC-1,sbTargeting,US,INNERBRIGHTNESS,sbTargeting_innerbrightness_US_2026-03-21_2026-04-20.json,2026-04-21 01:59:27
9115,2026-04-21 01:59:27.891834,2026-04-21 01:59:27.891834,2026-04-09,0.0,100.0,0,0,EXACT,0.0,0,0.0,0,0,CPC,ENABLED,EXACT,0.0,300.0,0,0,0.0,0,Inner-SB-Collection-gumm-magnesium-CPC-1,107283922414881,0.0,0,women magnesium gummies,0.0,USD,0,0.0,0,0.0,0,219053034520263,0,0,11.11,0,0.0,0,0,451520502515809,0,3.5,0.0,0,DAILY_BUDGET,ENABLED,0,0,0,EXACT,0,0.0,0.0,219053034520263,0,1,0,women magnesium gummies,1,0,women magnesium gummies,0.0,0,0,0,0.0,0,0.0,Inner-SB-Collection-gumm-magnesium-CPC-1,sbTargeting,US,INNERBRIGHTNESS,sbTargeting_innerbrightness_US_2026-03-21_2026-04-20.json,2026-04-21 01:59:27
9116,2026-04-21 01:59:27.891834,2026-04-21 01:59:27.891834,2026-04-11,0.0,87.5,1,3,THEME,0.0,1,24.98,0,0,CPC,ENABLED,THEME,14.29,300.0,0,1,0.0,1,Inner-SB-Collection-gumm-magnesium-CPC-1,107283922414881,0.0,0,keywords-related-to-your-brand,24.98,USD,0,24.98,0,0.0,1,45621668095998,0,0,53.33,0,0.0,0,0,451520502515809,0,3.0,0.0,0,DAILY_BUDGET,ENABLED,0,0,0,THEME,0,0.0,1.27,45621668095998,0,8,0,keywords-related-to-your-brand,7,3,keywords-related-to-your-brand,0.0,0,1,0,0.0,0,0.0,Inner-SB-Collection-gumm-magnesium-CPC-1,sbTargeting,US,INNERBRIGHTNESS,sbTargeting_innerbrightness_US_2026-03-21_2026-04-20.json,2026-04-21 01:59:27
9117,2026-04-21 01:59:27.891834,2026-04-21 01:59:27.891834,2026-04-12,27.99,72.22,1,9,THEME,100.0,1,27.99,0,0,CPC,ENABLED,THEME,30.77,300.0,0,1,1666.6666666666665,1,Inner-SB-Collection-gumm-magnesium-CPC-1,107283922414881,100.0,0,keywords-related-to-your-brand,27.99,USD,0,27.99,0,25.0,1,45621668095998,7,0,62.96,0,3.75,1,7,451520502515809,0,3.0,27.99,1,DAILY_BUDGET,ENABLED,1,0,1,THEME,0,555.5555555555555,11.26,45621668095998,3,18,1,keywords-related-to-your-brand,13,9,keywords-related-to-your-brand,11.26,3,4,0,0.0,1,100.0,Inner-SB-Collection-gumm-magnesium-CPC-1,sbTargeting,US,INNERBRIGHTNESS,sbTargeting_innerbrightness_US_2026-03-21_2026-04-20.json,2026-04-21 01:59:27
9118,2026-04-21 01:59:27.891834,2026-04-21 01:59:27.891834,2026-04-13,0.0,100.0,0,0,THEME,0.0,0,0.0,0,0,CPC,ENABLED,THEME,0.0,300.0,0,0,0.0,0,Inner-SB-Collection-gumm-magnesium-CPC-1,107283922414881,0.0,0,keywords-related-to-your-brand,0.0,USD,0,0.0,0,0.0,0,45621668095998,0,0,42.86,0,0.0,0,0,451520502515809,0,3.0,0.0,0,DAILY_BUDGET,ENABLED,0,0,0,THEME,0,0.0,0.0,45621668095998,0,6,0,keywords-related-to-your-brand,6,0,keywords-related-to-your-brand,0.0,0,0,0,0.0,0,0.0,Inner-SB-Collection-gumm-magnesium-CPC-1,sbTargeting,US,INNERBRIGHTNESS,sbTargeting_innerbrightness_US_2026-03-21_2026-04-20.json,2026-04-21 01:59:27
9119,2026-04-21 01:59:27.891834,2026-04-21 01:59:27.891834,2026-04-14,58.75,90.91,4,9,THEME,100.0,4,58.75,0,0,CPC,ENABLED,THEME,60.0,300.0,0,4,3636.3636363636365,4,Inner-SB-Collection-gumm-magnesium-CPC-1,107283922414881,100.0,0,keywords-related-to-your-brand,58.75,USD,0,58.75,0,66.67,4,45621668095998,5,0,58.82,0,2.76,4,5,451520502515809,0,3.0,58.75,4,DAILY_BUDGET,ENABLED,4,0,4,THEME,0,3636.3636363636365,11.04,45621668095998,4,11,4,keywords-related-to-your-brand,10,9,keywords-related-to-your-brand,2.76,4,6,0,0.0,4,100.0,Inner-SB-Collection-gumm-magnesium-CPC-1,sbTargeting,US,INNERBRIGHTNESS,sbTargeting_innerbrightness_US_2026-03-21_2026-04-20.json,2026-04-21 01:59:27
9120,2026-04-21 01:59:27.891834,2026-04-21 01:59:27.891834,2026-04-15,33.56,80.0,2,12,THEME,100.0,2,33.56,0,0,CPC,ENABLED,THEME,25.0,300.0,0,2,1333.3333333333335,2,Inner-SB-Collection-gumm-magnesium-CPC-1,107283922414881,100.0,0,keywords-related-to-your-brand,33.56,USD,0,33.56,0,66.67,2,45621668095998,1,0,42.42,0,3.86,2,1,451520502515809,0,3.0,33.56,2,DAILY_BUDGET,ENABLED,2,0,2,THEME,0,1333.3333333333335,7.72,45621668095998,2,15,2,keywords-related-to-your-brand,12,12,keywords-related-to-your-brand,3.86,2,3,0,0.0,2,100.0,Inner-SB-Collection-gumm-magnesium-CPC-1,sbTargeting,US,INNERBRIGHTNESS,sbTargeting_innerbrightness_US_2026-03-21_2026-04-20.json,2026-04-21 01:59:27
9121,2026-04-21 01:59:27.891834,2026-04-21 01:59:27.891834,2026-04-16,0.0,100.0,1,2,THEME,0.0,1,16.78,0,0,CPC,ENABLED,THEME,25.0,300.0,0,1,0.0,1,Inner-SB-Collection-gumm-magnesium-CPC-1,107283922414881,0.0,0,keywords-related-to-your-brand,16.78,USD,0,16.78,0,0.0,1,45621668095998,0,0,57.14,0,0.0,0,0,451520502515809,0,3.0,0.0,0,DAILY_BUDGET,ENABLED,1,0,1,THEME,0,2500.0,2.15,45621668095998,0,4,0,keywords-related-to-your-brand,4,2,keywords-related-to-your-brand,2.15,0,1,0,0.0,0,0.0,Inner-SB-Collection-gumm-magnesium-CPC-1,sbTargeting,US,INNERBRIGHTNESS,sbTargeting_innerbrightness_US_2026-03-21_2026-04-20.json,2026-04-21 01:59:27
9122,2026-04-21 01:59:27.891834,2026-04-21 01:59:27.891834,2026-04-17,0.0,75.0,0,1,THEME,0.0,0,0.0,0,0,CPC,ENABLED,THEME,33.33,300.0,0,0,2500.0,0,Inner-SB-Collection-gumm-magnesium-CPC-1,107283922414881,0.0,0,keywords-related-to-your-brand,0.0,USD,0,0.0,0,0.0,0,45621668095998,0,0,60.0,0,2.44,0,0,451520502515809,0,3.0,0.0,0,DAILY_BUDGET,ENABLED,0,0,0,THEME,0,0.0,2.44,45621668095998,1,4,0,keywords-related-to-your-brand,3,1,keywords-related-to-your-brand,0.0,1,1,0,0.0,0,0.0,Inner-SB-Collection-gumm-magnesium-CPC-1,sbTargeting,US,INNERBRIGHTNESS,sbTargeting_innerbrightness_US_2026-03-21_2026-04-20.json,2026-04-21 01:59:27
9126,2026-04-21 01:59:27.891834,2026-04-21 01:59:27.891834,2026-04-11,27.99,50.81,1,31,EXACT,100.0,1,27.99,0,0,CPC,ENABLED,EXACT,4.48,300.0,0,1,173.34777898158177,1,Inner-SB-Collection-gumm-magnesium-CPC-1,107283922414881,100.0,0,magnesium glycinate gummies,27.99,USD,0,27.99,0,4.76,1,63809869731050,0,0,13.88,0,4.89,1,0,451520502515809,0,3.5,27.99,1,DAILY_BUDGET,ENABLED,2,0,2,EXACT,0,21.66847237269772,78.19,63809869731050,16,923,1,magnesium glycinate gummies,469,31,magnesium glycinate gummies,39.09,16,21,0,0.0,1,100.0,Inner-SB-Collection-gumm-magnesium-CPC-1,sbTargeting,US,INNERBRIGHTNESS,sbTargeting_innerbrightness_US_2026-03-21_2026-04-20.json,2026-04-21 01:59:27
9127,2026-04-21 01:59:27.891834,2026-04-21 01:59:27.891834,2026-04-12,71.97,42.77,4,30,EXACT,78.26,4,91.96,0,0,CPC,ENABLED,EXACT,2.66,300.0,0,4,101.0739102969046,4,Inner-SB-Collection-gumm-magnesium-CPC-1,107283922414881,75.0,0,magnesium glycinate gummies,91.96,USD,0,91.96,0,16.67,4,63809869731050,0,0,17.16,0,4.28,3,0,451520502515809,0,3.5,71.97,3,DAILY_BUDGET,ENABLED,8,0,8,EXACT,0,50.5369551484523,68.55,63809869731050,16,1583,3,magnesium glycinate gummies,677,30,magnesium glycinate gummies,8.57,16,18,0,0.0,3,75.0,Inner-SB-Collection-gumm-magnesium-CPC-1,sbTargeting,US,INNERBRIGHTNESS,sbTargeting_innerbrightness_US_2026-03-21_2026-04-20.json,2026-04-21 01:59:27
9128,2026-04-21 01:59:27.891834,2026-04-21 01:59:27.891834,2026-04-13,176.67,36.67,11,42,EXACT,87.61,11,201.65,0,0,CPC,ENABLED,EXACT,7.3,300.0,0,11,237.85926660059465,11,Inner-SB-Collection-gumm-magnesium-CPC-1,107283922414881,90.91,0,magnesium glycinate gummies,201.65,USD,0,201.65,0,37.04,11,63809869731050,0,0,8.84,0,4.19,10,0,451520502515809,0,3.5,176.67,10,DAILY_BUDGET,ENABLED,12,0,12,EXACT,0,118.92963330029733,100.58,63809869731050,24,1009,10,magnesium glycinate gummies,370,42,magnesium glycinate gummies,8.38,24,27,0,0.0,10,90.91,Inner-SB-Collection-gumm-magnesium-CPC-1,sbTargeting,US,INNERBRIGHTNESS,sbTargeting_innerbrightness_US_2026-03-21_2026-04-20.json,2026-04-21 01:59:27
9129,2026-04-21 01:59:27.891834,2026-04-21 01:59:27.891834,2026-04-14,198.65,68.53,13,95,EXACT,87.65,13,226.63,0,3,CPC,ENABLED,EXACT,6.32,300.0,0,13,324.6167718665464,13,Inner-SB-Collection-gumm-magnesium-CPC-1,107283922414881,84.62,0,magnesium glycinate gummies,226.63,USD,0,226.63,0,22.92,13,63809869731050,0,0,19.11,0,4.64,11,0,451520502515809,3,3.5,198.65,11,DAILY_BUDGET,ENABLED,21,0,21,EXACT,0,189.35978358881874,167.22,63809869731050,36,1109,11,magnesium glycinate gummies,760,95,magnesium glycinate gummies,7.96,36,48,0,0.0,11,84.62,Inner-SB-Collection-gumm-magnesium-CPC-1,sbTargeting,US,INNERBRIGHTNESS,sbTargeting_innerbrightness_US_2026-03-21_2026-04-20.json,2026-04-21 01:59:27
9130,2026-04-21 01:59:27.891834,2026-04-21 01:59:27.891834,2026-04-15,447.47,78.06,26,156,EXACT,90.87,27,492.44,0,1,CPC,ENABLED,EXACT,7.18,300.0,0,26,457.96308954203687,26,Inner-SB-Collection-gumm-magnesium-CPC-1,107283922414881,92.31,0,magnesium glycinate gummies,492.44,USD,0,492.44,0,29.27,27,63809869731050,0,0,32.62,0,4.26,24,0,451520502515809,1,3.5,447.47,24,DAILY_BUDGET,ENABLED,36,0,36,EXACT,0,246.0697197539303,285.37,63809869731050,67,1463,25,magnesium glycinate gummies,1142,156,magnesium glycinate gummies,7.93,67,82,0,0.0,25,92.59,Inner-SB-Collection-gumm-magnesium-CPC-1,sbTargeting,US,INNERBRIGHTNESS,sbTargeting_innerbrightness_US_2026-03-21_2026-04-20.json,2026-04-21 01:59:27
9131,2026-04-21 01:59:27.891834,2026-04-21 01:59:27.891834,2026-04-16,301.78,60.88,19,128,EXACT,77.24,20,390.71,0,2,CPC,ENABLED,EXACT,10.08,300.0,0,19,478.08764940239047,19,Inner-SB-Collection-gumm-magnesium-CPC-1,107283922414881,78.95,0,magnesium glycinate gummies,390.71,USD,0,390.71,0,19.48,20,63809869731050,0,0,20.23,0,4.51,15,0,451520502515809,2,3.5,301.78,15,DAILY_BUDGET,ENABLED,25,0,25,EXACT,0,199.20318725099602,270.43,63809869731050,60,1255,16,magnesium glycinate gummies,764,128,magnesium glycinate gummies,10.82,60,77,0,0.0,16,80.0,Inner-SB-Collection-gumm-magnesium-CPC-1,sbTargeting,US,INNERBRIGHTNESS,sbTargeting_innerbrightness_US_2026-03-21_2026-04-20.json,2026-04-21 01:59:27
9132,2026-04-21 01:59:27.891834,2026-04-21 01:59:27.891834,2026-04-17,123.5,52.87,8,130,EXACT,100.0,8,123.5,0,2,CPC,ENABLED,EXACT,8.37,300.0,0,8,393.9184519695923,8,Inner-SB-Collection-gumm-magnesium-CPC-1,107283922414881,100.0,0,magnesium glycinate gummies,123.5,USD,0,123.5,0,12.5,8,63809869731050,0,0,22.57,0,3.93,8,0,451520502515809,2,3.5,123.5,8,DAILY_BUDGET,ENABLED,20,0,20,EXACT,0,138.217000691085,223.82,63809869731050,57,1447,8,magnesium glycinate gummies,765,130,magnesium glycinate gummies,11.19,57,64,0,0.0,8,100.0,Inner-SB-Collection-gumm-magnesium-CPC-1,sbTargeting,US,INNERBRIGHTNESS,sbTargeting_innerbrightness_US_2026-03-21_2026-04-20.json,2026-04-21 01:59:27
9136,2026-04-21 01:59:27.891834,2026-04-21 01:59:27.891834,2026-04-11,27.99,53.9,1,30,EXACT,100.0,1,27.99,0,0,CPC,ENABLED,EXACT,13.16,300.0,0,1,567.3758865248227,1,Inner-SB-Collection-gumm-magnesium-CPC-1,107283922414881,100.0,0,magnesium gummies,27.99,USD,0,27.99,0,10.0,1,214558527883028,0,0,4.86,0,5.3,1,0,451520502515809,0,3.5,27.99,1,DAILY_BUDGET,ENABLED,2,0,2,EXACT,0,141.84397163120568,42.4,214558527883028,8,141,1,magnesium gummies,76,30,magnesium gummies,21.2,8,10,0,0.0,1,100.0,Inner-SB-Collection-gumm-magnesium-CPC-1,sbTargeting,US,INNERBRIGHTNESS,sbTargeting_innerbrightness_US_2026-03-21_2026-04-20.json,2026-04-21 01:59:27
9137,2026-04-21 01:59:27.891834,2026-04-21 01:59:27.891834,2026-04-12,27.99,43.48,2,37,EXACT,62.23,2,44.98,0,5,CPC,ENABLED,EXACT,10.0,300.0,0,2,391.304347826087,2,Inner-SB-Collection-gumm-magnesium-CPC-1,107283922414881,50.0,0,magnesium gummies,44.98,USD,0,44.98,0,10.0,2,214558527883028,0,0,5.09,0,4.57,1,0,451520502515809,5,3.5,27.99,1,DAILY_BUDGET,ENABLED,5,0,5,EXACT,0,217.39130434782606,41.11,214558527883028,9,230,1,magnesium gummies,100,37,magnesium gummies,8.22,9,10,0,0.0,1,50.0,Inner-SB-Collection-gumm-magnesium-CPC-1,sbTargeting,US,INNERBRIGHTNESS,sbTargeting_innerbrightness_US_2026-03-21_2026-04-20.json,2026-04-21 01:59:27
9138,2026-04-21 01:59:27.891834,2026-04-21 01:59:27.891834,2026-04-13,52.96,45.65,3,10,EXACT,100.0,3,52.96,0,0,CPC,ENABLED,EXACT,6.67,300.0,0,3,130.43478260869566,3,Inner-SB-Collection-gumm-magnesium-CPC-1,107283922414881,100.0,0,magnesium gummies,52.96,USD,0,52.96,0,42.86,3,214558527883028,0,0,4.52,0,8.76,3,0,451520502515809,0,3.5,52.96,3,DAILY_BUDGET,ENABLED,3,0,3,EXACT,0,130.43478260869566,26.27,214558527883028,3,230,3,magnesium gummies,105,10,magnesium gummies,8.76,3,7,0,0.0,3,100.0,Inner-SB-Collection-gumm-magnesium-CPC-1,sbTargeting,US,INNERBRIGHTNESS,sbTargeting_innerbrightness_US_2026-03-21_2026-04-20.json,2026-04-21 01:59:27
9139,2026-04-21 01:59:27.891834,2026-04-21 01:59:27.891834,2026-04-14,0.0,76.7,0,14,EXACT,0.0,0,0.0,0,0,CPC,ENABLED,EXACT,5.93,300.0,0,0,397.7272727272727,0,Inner-SB-Collection-gumm-magnesium-CPC-1,107283922414881,0.0,0,magnesium gummies,0.0,USD,0,0.0,0,0.0,0,214558527883028,0,0,7.16,0,3.96,0,0,451520502515809,0,3.5,0.0,0,DAILY_BUDGET,ENABLED,1,0,1,EXACT,0,56.81818181818182,27.7,214558527883028,7,176,0,magnesium gummies,135,14,magnesium gummies,27.7,7,8,0,0.0,0,0.0,Inner-SB-Collection-gumm-magnesium-CPC-1,sbTargeting,US,INNERBRIGHTNESS,sbTargeting_innerbrightness_US_2026-03-21_2026-04-20.json,2026-04-21 01:59:27
9140,2026-04-21 01:59:27.891834,2026-04-21 01:59:27.891834,2026-04-15,86.94,79.26,4,23,EXACT,86.14,7,100.93,0,0,CPC,ENABLED,EXACT,5.23,300.0,0,4,368.66359447004606,4,Inner-SB-Collection-gumm-magnesium-CPC-1,107283922414881,75.0,0,magnesium gummies,100.93,USD,0,100.93,0,33.33,7,214558527883028,0,0,10.93,0,3.84,3,0,451520502515809,0,3.5,86.94,3,DAILY_BUDGET,ENABLED,3,0,3,EXACT,0,138.24884792626727,30.7,214558527883028,8,217,6,magnesium gummies,172,23,magnesium gummies,10.23,8,9,0,0.0,6,85.71,Inner-SB-Collection-gumm-magnesium-CPC-1,sbTargeting,US,INNERBRIGHTNESS,sbTargeting_innerbrightness_US_2026-03-21_2026-04-20.json,2026-04-21 01:59:27
9141,2026-04-21 01:59:27.891834,2026-04-21 01:59:27.891834,2026-04-16,91.93,72.97,5,37,EXACT,100.0,5,91.93,0,1,CPC,ENABLED,EXACT,11.64,300.0,0,5,694.980694980695,5,Inner-SB-Collection-gumm-magnesium-CPC-1,107283922414881,100.0,0,magnesium gummies,91.93,USD,0,91.93,0,22.73,5,214558527883028,0,0,9.23,0,4.37,5,0,451520502515809,1,3.5,91.93,5,DAILY_BUDGET,ENABLED,8,0,8,EXACT,0,308.88030888030886,78.65,214558527883028,18,259,5,magnesium gummies,189,37,magnesium gummies,9.83,18,22,0,0.0,5,100.0,Inner-SB-Collection-gumm-magnesium-CPC-1,sbTargeting,US,INNERBRIGHTNESS,sbTargeting_innerbrightness_US_2026-03-21_2026-04-20.json,2026-04-21 01:59:27
9142,2026-04-21 01:59:27.891834,2026-04-21 01:59:27.891834,2026-04-17,128.91,66.13,9,55,EXACT,86.57,9,148.9,0,1,CPC,ENABLED,EXACT,10.38,300.0,0,9,617.8489702517163,9,Inner-SB-Collection-gumm-magnesium-CPC-1,107283922414881,88.89,0,magnesium gummies,148.9,USD,0,148.9,0,26.67,9,214558527883028,0,0,16.18,0,3.9,8,0,451520502515809,1,3.5,128.91,8,DAILY_BUDGET,ENABLED,15,0,15,EXACT,0,343.24942791762015,105.21,214558527883028,27,437,8,magnesium gummies,289,55,magnesium gummies,7.01,27,30,0,0.0,8,88.89,Inner-SB-Collection-gumm-magnesium-CPC-1,sbTargeting,US,INNERBRIGHTNESS,sbTargeting_innerbrightness_US_2026-03-21_2026-04-20.json,2026-04-21 01:59:27
9146,2026-04-21 01:59:27.891834,2026-04-21 01:59:27.891834,2026-04-11,0.0,78.05,0,3,EXACT,0.0,0,0.0,0,0,CPC,ENABLED,EXACT,6.25,300.0,0,0,243.90243902439025,0,Inner-SB-Collection-gumm-magnesium-CPC-1,107283922414881,0.0,0,magnesium gummies for women,0.0,USD,0,0.0,0,0.0,0,213223474575661,0,0,13.16,0,8.0,0,0,451520502515809,0,3.5,0.0,0,DAILY_BUDGET,ENABLED,0,0,0,EXACT,0,0.0,8.0,213223474575661,1,41,0,magnesium gummies for women,32,3,magnesium gummies for women,0.0,1,2,0,0.0,0,0.0,Inner-SB-Collection-gumm-magnesium-CPC-1,sbTargeting,US,INNERBRIGHTNESS,sbTargeting_innerbrightness_US_2026-03-21_2026-04-20.json,2026-04-21 01:59:27
9147,2026-04-21 01:59:27.891834,2026-04-21 01:59:27.891834,2026-04-12,0.0,61.4,0,1,EXACT,0.0,0,0.0,0,0,CPC,ENABLED,EXACT,2.86,300.0,0,0,175.43859649122805,0,Inner-SB-Collection-gumm-magnesium-CPC-1,107283922414881,0.0,0,magnesium gummies for women,0.0,USD,0,0.0,0,0.0,0,213223474575661,0,0,14.62,0,4.0,0,0,451520502515809,0,3.5,0.0,0,DAILY_BUDGET,ENABLED,0,0,0,EXACT,0,0.0,4.0,213223474575661,1,57,0,magnesium gummies for women,35,1,magnesium gummies for women,0.0,1,1,0,0.0,0,0.0,Inner-SB-Collection-gumm-magnesium-CPC-1,sbTargeting,US,INNERBRIGHTNESS,sbTargeting_innerbrightness_US_2026-03-21_2026-04-20.json,2026-04-21 01:59:27
9148,2026-04-21 01:59:27.891834,2026-04-21 01:59:27.891834,2026-04-13,0.0,52.63,0,1,EXACT,0.0,0,0.0,0,0,CPC,ENABLED,EXACT,5.0,300.0,0,0,263.1578947368421,0,Inner-SB-Collection-gumm-magnesium-CPC-1,107283922414881,0.0,0,magnesium gummies for women,0.0,USD,0,0.0,0,0.0,0,213223474575661,0,0,6.76,0,4.0,0,0,451520502515809,0,3.5,0.0,0,DAILY_BUDGET,ENABLED,0,0,0,EXACT,0,0.0,4.0,213223474575661,1,38,0,magnesium gummies for women,20,1,magnesium gummies for women,0.0,1,1,0,0.0,0,0.0,Inner-SB-Collection-gumm-magnesium-CPC-1,sbTargeting,US,INNERBRIGHTNESS,sbTargeting_innerbrightness_US_2026-03-21_2026-04-20.json,2026-04-21 01:59:27
9149,2026-04-21 01:59:27.891834,2026-04-21 01:59:27.891834,2026-04-14,13.99,71.64,1,2,EXACT,100.0,1,13.99,0,0,CPC,ENABLED,EXACT,4.17,300.0,0,1,298.5074626865671,1,Inner-SB-Collection-gumm-magnesium-CPC-1,107283922414881,100.0,0,magnesium gummies for women,13.99,USD,0,13.99,0,50.0,1,213223474575661,0,0,17.41,0,3.5,1,0,451520502515809,0,3.5,13.99,1,DAILY_BUDGET,ENABLED,1,0,1,EXACT,0,149.25373134328356,7.0,213223474575661,2,67,1,magnesium gummies for women,48,2,magnesium gummies for women,7.0,2,2,0,0.0,1,100.0,Inner-SB-Collection-gumm-magnesium-CPC-1,sbTargeting,US,INNERBRIGHTNESS,sbTargeting_innerbrightness_US_2026-03-21_2026-04-20.json,2026-04-21 01:59:27
9150,2026-04-21 01:59:27.891834,2026-04-21 01:59:27.891834,2026-04-15,52.96,81.72,3,24,EXACT,100.0,3,52.96,0,1,CPC,ENABLED,EXACT,11.84,300.0,0,3,860.215053763441,3,Inner-SB-Collection-gumm-magnesium-CPC-1,107283922414881,100.0,0,magnesium gummies for women,52.96,USD,0,52.96,0,33.33,3,213223474575661,0,0,28.88,0,3.83,3,0,451520502515809,1,3.5,52.96,3,DAILY_BUDGET,ENABLED,5,0,5,EXACT,0,537.6344086021505,30.66,213223474575661,8,93,3,magnesium gummies for women,76,24,magnesium gummies for women,6.13,8,9,0,0.0,3,100.0,Inner-SB-Collection-gumm-magnesium-CPC-1,sbTargeting,US,INNERBRIGHTNESS,sbTargeting_innerbrightness_US_2026-03-21_2026-04-20.json,2026-04-21 01:59:27
9151,2026-04-21 01:59:27.891834,2026-04-21 01:59:27.891834,2026-04-16,0.0,75.68,0,16,EXACT,0.0,0,0.0,0,0,CPC,ENABLED,EXACT,14.29,300.0,0,0,945.9459459459459,0,Inner-SB-Collection-gumm-magnesium-CPC-1,107283922414881,0.0,0,magnesium gummies for women,0.0,USD,0,0.0,0,0.0,0,213223474575661,0,0,19.87,0,4.06,0,0,451520502515809,0,3.5,0.0,0,DAILY_BUDGET,ENABLED,4,0,4,EXACT,0,540.5405405405405,28.45,213223474575661,7,74,0,magnesium gummies for women,56,16,magnesium gummies for women,7.11,7,8,0,0.0,0,0.0,Inner-SB-Collection-gumm-magnesium-CPC-1,sbTargeting,US,INNERBRIGHTNESS,sbTargeting_innerbrightness_US_2026-03-21_2026-04-20.json,2026-04-21 01:59:27
9152,2026-04-21 01:59:27.891834,2026-04-21 01:59:27.891834,2026-04-17,52.96,66.94,3,16,EXACT,100.0,3,52.96,0,0,CPC,ENABLED,EXACT,12.05,300.0,0,3,725.8064516129033,3,Inner-SB-Collection-gumm-magnesium-CPC-1,107283922414881,100.0,0,magnesium gummies for women,52.96,USD,0,52.96,0,30.0,3,213223474575661,0,0,24.19,0,3.89,3,0,451520502515809,0,3.5,52.96,3,DAILY_BUDGET,ENABLED,4,0,4,EXACT,0,322.5806451612903,35.02,213223474575661,9,124,3,magnesium gummies for women,83,16,magnesium gummies for women,8.76,9,10,0,0.0,3,100.0,Inner-SB-Collection-gumm-magnesium-CPC-1,sbTargeting,US,INNERBRIGHTNESS,sbTargeting_innerbrightness_US_2026-03-21_2026-04-20.json,2026-04-21 01:59:27
9156,2026-04-21 01:59:27.891834,2026-04-21 01:59:27.891834,2026-04-11,0.0,66.67,0,0,EXACT,0.0,0,0.0,0,0,CPC,ENABLED,EXACT,0.0,300.0,0,0,0.0,0,Inner-SB-Collection-gumm-magnesium-CPC-1,107283922414881,0.0,0,women magnesium gummies,0.0,USD,0,0.0,0,0.0,0,219053034520263,0,0,8.33,0,0.0,0,0,451520502515809,0,3.5,0.0,0,DAILY_BUDGET,ENABLED,0,0,0,EXACT,0,0.0,0.0,219053034520263,0,3,0,women magnesium gummies,2,0,women magnesium gummies,0.0,0,0,0,0.0,0,0.0,Inner-SB-Collection-gumm-magnesium-CPC-1,sbTargeting,US,INNERBRIGHTNESS,sbTargeting_innerbrightness_US_2026-03-21_2026-04-20.json,2026-04-21 01:59:27
9157,2026-04-21 01:59:27.891834,2026-04-21 01:59:27.891834,2026-04-12,0.0,100.0,0,2,EXACT,0.0,0,0.0,0,0,CPC,ENABLED,EXACT,100.0,300.0,0,0,10000.0,0,Inner-SB-Collection-gumm-magnesium-CPC-1,107283922414881,0.0,0,women magnesium gummies,0.0,USD,0,0.0,0,0.0,0,219053034520263,0,0,14.29,0,4.0,0,0,451520502515809,0,3.5,0.0,0,DAILY_BUDGET,ENABLED,0,0,0,EXACT,0,0.0,4.0,219053034520263,1,1,0,women magnesium gummies,1,2,women magnesium gummies,0.0,1,1,0,0.0,0,0.0,Inner-SB-Collection-gumm-magnesium-CPC-1,sbTargeting,US,INNERBRIGHTNESS,sbTargeting_innerbrightness_US_2026-03-21_2026-04-20.json,2026-04-21 01:59:27
9158,2026-04-21 01:59:27.891834,2026-04-21 01:59:27.891834,2026-04-13,0.0,50.0,0,0,EXACT,0.0,0,0.0,0,0,CPC,ENABLED,EXACT,0.0,300.0,0,0,0.0,0,Inner-SB-Collection-gumm-magnesium-CPC-1,107283922414881,0.0,0,women magnesium gummies,0.0,USD,0,0.0,0,0.0,0,219053034520263,0,0,25.0,0,0.0,0,0,451520502515809,0,3.5,0.0,0,DAILY_BUDGET,ENABLED,0,0,0,EXACT,0,0.0,0.0,219053034520263,0,4,0,women magnesium gummies,2,0,women magnesium gummies,0.0,0,0,0,0.0,0,0.0,Inner-SB-Collection-gumm-magnesium-CPC-1,sbTargeting,US,INNERBRIGHTNESS,sbTargeting_innerbrightness_US_2026-03-21_2026-04-20.json,2026-04-21 01:59:27
9159,2026-04-21 01:59:27.891834,2026-04-21 01:59:27.891834,2026-04-14,0.0,50.0,0,0,EXACT,0.0,0,0.0,0,0,CPC,ENABLED,EXACT,0.0,300.0,0,0,0.0,0,Inner-SB-Collection-gumm-magnesium-CPC-1,107283922414881,0.0,0,women magnesium gummies,0.0,USD,0,0.0,0,0.0,0,219053034520263,0,0,10.0,0,0.0,0,0,451520502515809,0,3.5,0.0,0,DAILY_BUDGET,ENABLED,0,0,0,EXACT,0,0.0,0.0,219053034520263,0,2,0,women magnesium gummies,1,0,women magnesium gummies,0.0,0,0,0,0.0,0,0.0,Inner-SB-Collection-gumm-magnesium-CPC-1,sbTargeting,US,INNERBRIGHTNESS,sbTargeting_innerbrightness_US_2026-03-21_2026-04-20.json,2026-04-21 01:59:27
9160,2026-04-21 01:59:27.891834,2026-04-21 01:59:27.891834,2026-04-15,0.0,100.0,0,0,EXACT,0.0,0,0.0,0,0,CPC,ENABLED,EXACT,0.0,300.0,0,0,0.0,0,Inner-SB-Collection-gumm-magnesium-CPC-1,107283922414881,0.0,0,women magnesium gummies,0.0,USD,0,0.0,0,0.0,0,219053034520263,0,0,16.67,0,0.0,0,0,451520502515809,0,3.5,0.0,0,DAILY_BUDGET,ENABLED,0,0,0,EXACT,0,0.0,0.0,219053034520263,0,1,0,women magnesium gummies,1,0,women magnesium gummies,0.0,0,0,0,0.0,0,0.0,Inner-SB-Collection-gumm-magnesium-CPC-1,sbTargeting,US,INNERBRIGHTNESS,sbTargeting_innerbrightness_US_2026-03-21_2026-04-20.json,2026-04-21 01:59:27
9161,2026-04-21 01:59:27.891834,2026-04-21 01:59:27.891834,2026-04-16,0.0,42.86,0,0,EXACT,0.0,0,0.0,0,0,CPC,ENABLED,EXACT,0.0,300.0,0,0,0.0,0,Inner-SB-Collection-gumm-magnesium-CPC-1,107283922414881,0.0,0,women magnesium gummies,0.0,USD,0,0.0,0,0.0,0,219053034520263,0,0,13.21,0,0.0,0,0,451520502515809,0,3.5,0.0,0,DAILY_BUDGET,ENABLED,0,0,0,EXACT,0,0.0,0.0,219053034520263,0,7,0,women magnesium gummies,3,0,women magnesium gummies,0.0,0,0,0,0.0,0,0.0,Inner-SB-Collection-gumm-magnesium-CPC-1,sbTargeting,US,INNERBRIGHTNESS,sbTargeting_innerbrightness_US_2026-03-21_2026-04-20.json,2026-04-21 01:59:27
9162,2026-04-21 01:59:27.891834,2026-04-21 01:59:27.891834,2026-04-17,19.99,61.54,1,2,EXACT,100.0,1,19.99,0,0,CPC,ENABLED,EXACT,12.5,300.0,0,1,769.2307692307693,1,Inner-SB-Collection-gumm-magnesium-CPC-1,107283922414881,100.0,0,women magnesium gummies,19.99,USD,0,19.99,0,100.0,1,219053034520263,0,0,21.43,0,3.5,1,0,451520502515809,0,3.5,19.99,1,DAILY_BUDGET,ENABLED,1,0,1,EXACT,0,769.2307692307693,3.5,219053034520263,1,13,1,women magnesium gummies,8,2,women magnesium gummies,3.5,1,1,0,0.0,1,100.0,Inner-SB-Collection-gumm-magnesium-CPC-1,sbTargeting,US,INNERBRIGHTNESS,sbTargeting_innerbrightness_US_2026-03-21_2026-04-20.json,2026-04-21 01:59:27
9166,2026-04-21 01:59:27.891834,2026-04-21 01:59:27.891834,2026-04-14,29.99,48.08,1,2,EXACT,100.0,1,29.99,0,0,CPC,ENABLED,EXACT,8.0,200.0,0,1,384.61538461538464,1,Inner-SB-Collection-Creatine Gummies-CPC,8630109811607,100.0,0,creatine gummies,29.99,USD,0,29.99,0,50.0,1,173259629358227,0,0,0.33,0,4.0,1,0,312377790335108,0,4.0,29.99,1,DAILY_BUDGET,ENABLED,1,0,1,EXACT,0,192.30769230769232,8.0,173259629358227,2,52,1,creatine gummies,25,2,creatine gummies,8.0,2,2,0,0.0,1,100.0,Inner-SB-Collection-Creatine Gummies-CPC,sbTargeting,US,INNERBRIGHTNESS,sbTargeting_innerbrightness_US_2026-03-21_2026-04-20.json,2026-04-21 01:59:27
9167,2026-04-21 01:59:27.891834,2026-04-21 01:59:27.891834,2026-04-15,29.99,35.37,1,3,EXACT,100.0,1,29.99,0,0,CPC,ENABLED,EXACT,3.45,200.0,0,1,121.95121951219512,1,Inner-SB-Collection-Creatine Gummies-CPC,8630109811607,100.0,0,creatine gummies,29.99,USD,0,29.99,0,100.0,1,173259629358227,0,0,0.49,0,4.5,1,0,312377790335108,0,4.0,29.99,1,DAILY_BUDGET,ENABLED,1,0,1,EXACT,0,121.95121951219512,4.5,173259629358227,1,82,1,creatine gummies,29,3,creatine gummies,4.5,1,1,0,0.0,1,100.0,Inner-SB-Collection-Creatine Gummies-CPC,sbTargeting,US,INNERBRIGHTNESS,sbTargeting_innerbrightness_US_2026-03-21_2026-04-20.json,2026-04-21 01:59:27
9168,2026-04-21 01:59:27.891834,2026-04-21 01:59:27.891834,2026-04-16,29.99,14.38,4,21,EXACT,20.0,5,149.95,0,1,CPC,ENABLED,EXACT,5.83,200.0,0,4,20.935101186322402,4,Inner-SB-Collection-Creatine Gummies-CPC,8630109811607,25.0,0,creatine gummies,149.95,USD,0,149.95,0,8.33,5,173259629358227,0,0,2.73,0,21.68,1,0,312377790335108,1,4.0,29.99,1,DAILY_BUDGET,ENABLED,7,0,7,EXACT,0,48.848569434752264,65.03,173259629358227,3,1433,1,creatine gummies,206,21,creatine gummies,9.29,3,12,0,0.0,1,20.0,Inner-SB-Collection-Creatine Gummies-CPC,sbTargeting,US,INNERBRIGHTNESS,sbTargeting_innerbrightness_US_2026-03-21_2026-04-20.json,2026-04-21 01:59:27
9169,2026-04-21 01:59:27.891834,2026-04-21 01:59:27.891834,2026-04-17,59.98,8.89,2,18,EXACT,100.0,2,59.98,0,0,CPC,ENABLED,EXACT,2.83,200.0,0,2,25.176233635448135,2,Inner-SB-Collection-Creatine Gummies-CPC,8630109811607,100.0,0,creatine gummies,59.98,USD,0,59.98,0,20.0,2,173259629358227,0,0,4.41,0,5.43,2,0,312377790335108,0,4.0,59.98,2,DAILY_BUDGET,ENABLED,2,0,2,EXACT,0,5.0352467270896275,54.27,173259629358227,10,3972,2,creatine gummies,353,18,creatine gummies,27.14,10,10,0,0.0,2,100.0,Inner-SB-Collection-Creatine Gummies-CPC,sbTargeting,US,INNERBRIGHTNESS,sbTargeting_innerbrightness_US_2026-03-21_2026-04-20.json,2026-04-21 01:59:27
9173,2026-04-21 01:59:27.891834,2026-04-21 01:59:27.891834,2026-04-14,0.0,75.0,0,0,EXACT,0.0,0,0.0,0,0,CPC,ENABLED,EXACT,0.0,200.0,0,0,0.0,0,Inner-SB-Collection-Creatine Gummies-CPC,8630109811607,0.0,0,creatine gummies for women,0.0,USD,0,0.0,0,0.0,0,88855884644078,0,0,0.14,0,0.0,0,0,312377790335108,0,4.0,0.0,0,DAILY_BUDGET,ENABLED,0,0,0,EXACT,0,0.0,0.0,88855884644078,0,8,0,creatine gummies for women,6,0,creatine gummies for women,0.0,0,0,0,0.0,0,0.0,Inner-SB-Collection-Creatine Gummies-CPC,sbTargeting,US,INNERBRIGHTNESS,sbTargeting_innerbrightness_US_2026-03-21_2026-04-20.json,2026-04-21 01:59:27
9174,2026-04-21 01:59:27.891834,2026-04-21 01:59:27.891834,2026-04-15,0.0,41.67,0,0,EXACT,0.0,0,0.0,0,0,CPC,ENABLED,EXACT,0.0,200.0,0,0,0.0,0,Inner-SB-Collection-Creatine Gummies-CPC,8630109811607,0.0,0,creatine gummies for women,0.0,USD,0,0.0,0,0.0,0,88855884644078,0,0,0.23,0,0.0,0,0,312377790335108,0,4.0,0.0,0,DAILY_BUDGET,ENABLED,0,0,0,EXACT,0,0.0,0.0,88855884644078,0,12,0,creatine gummies for women,5,0,creatine gummies for women,0.0,0,0,0,0.0,0,0.0,Inner-SB-Collection-Creatine Gummies-CPC,sbTargeting,US,INNERBRIGHTNESS,sbTargeting_innerbrightness_US_2026-03-21_2026-04-20.json,2026-04-21 01:59:27
9175,2026-04-21 01:59:27.891834,2026-04-21 01:59:27.891834,2026-04-16,50.14,9.63,2,11,EXACT,100.0,2,50.14,0,0,CPC,ENABLED,EXACT,7.14,200.0,0,2,58.93909626719057,2,Inner-SB-Collection-Creatine Gummies-CPC,8630109811607,100.0,0,creatine gummies for women,50.14,USD,0,50.14,0,28.57,2,88855884644078,0,0,2.54,0,5.58,2,0,312377790335108,0,4.0,50.14,2,DAILY_BUDGET,ENABLED,3,0,3,EXACT,0,29.469548133595286,33.47,88855884644078,6,1018,2,creatine gummies for women,98,11,creatine gummies for women,11.16,6,7,0,0.0,2,100.0,Inner-SB-Collection-Creatine Gummies-CPC,sbTargeting,US,INNERBRIGHTNESS,sbTargeting_innerbrightness_US_2026-03-21_2026-04-20.json,2026-04-21 01:59:27
9176,2026-04-21 01:59:27.891834,2026-04-21 01:59:27.891834,2026-04-17,0.0,7.15,0,1,EXACT,0.0,0,0.0,0,0,CPC,ENABLED,EXACT,0.63,200.0,0,0,4.470272686633884,0,Inner-SB-Collection-Creatine Gummies-CPC,8630109811607,0.0,0,creatine gummies for women,0.0,USD,0,0.0,0,0.0,0,88855884644078,0,0,4.53,0,5.8,0,0,312377790335108,0,4.0,0.0,0,DAILY_BUDGET,ENABLED,0,0,0,EXACT,0,0.0,5.8,88855884644078,1,2237,0,creatine gummies for women,160,1,creatine gummies for women,0.0,1,1,0,0.0,0,0.0,Inner-SB-Collection-Creatine Gummies-CPC,sbTargeting,US,INNERBRIGHTNESS,sbTargeting_innerbrightness_US_2026-03-21_2026-04-20.json,2026-04-21 01:59:27
9180,2026-04-21 01:59:27.891834,2026-04-21 01:59:27.891834,2026-04-14,0.0,52.63,0,0,EXACT,0.0,0,0.0,0,0,CPC,ENABLED,EXACT,0.0,200.0,0,0,0.0,0,Inner-SB-Collection-Creatine Gummies-CPC,8630109811607,0.0,0,creatine monohydrate gummies,0.0,USD,0,0.0,0,0.0,0,266803359071366,0,0,1.65,0,0.0,0,0,312377790335108,0,4.0,0.0,0,DAILY_BUDGET,ENABLED,0,0,0,EXACT,0,0.0,0.0,266803359071366,0,19,0,creatine monohydrate gummies,10,0,creatine monohydrate gummies,0.0,0,0,0,0.0,0,0.0,Inner-SB-Collection-Creatine Gummies-CPC,sbTargeting,US,INNERBRIGHTNESS,sbTargeting_innerbrightness_US_2026-03-21_2026-04-20.json,2026-04-21 01:59:27
9181,2026-04-21 01:59:27.891834,2026-04-21 01:59:27.891834,2026-04-15,0.0,42.11,0,0,EXACT,0.0,0,0.0,0,0,CPC,ENABLED,EXACT,0.0,200.0,0,0,0.0,0,Inner-SB-Collection-Creatine Gummies-CPC,8630109811607,0.0,0,creatine monohydrate gummies,0.0,USD,0,0.0,0,0.0,0,266803359071366,0,0,1.74,0,0.0,0,0,312377790335108,0,4.0,0.0,0,DAILY_BUDGET,ENABLED,0,0,0,EXACT,0,0.0,0.0,266803359071366,0,19,0,creatine monohydrate gummies,8,0,creatine monohydrate gummies,0.0,0,0,0,0.0,0,0.0,Inner-SB-Collection-Creatine Gummies-CPC,sbTargeting,US,INNERBRIGHTNESS,sbTargeting_innerbrightness_US_2026-03-21_2026-04-20.json,2026-04-21 01:59:27
9182,2026-04-21 01:59:27.891834,2026-04-21 01:59:27.891834,2026-04-16,29.99,36.94,1,5,EXACT,100.0,1,29.99,0,0,CPC,ENABLED,EXACT,3.66,200.0,0,1,135.13513513513513,1,Inner-SB-Collection-Creatine Gummies-CPC,8630109811607,100.0,0,creatine monohydrate gummies,29.99,USD,0,29.99,0,33.33,1,266803359071366,0,0,0.88,0,6.28,1,0,312377790335108,0,4.0,29.99,1,DAILY_BUDGET,ENABLED,1,0,1,EXACT,0,45.04504504504504,18.84,266803359071366,3,222,1,creatine monohydrate gummies,82,5,creatine monohydrate gummies,18.84,3,3,0,0.0,1,100.0,Inner-SB-Collection-Creatine Gummies-CPC,sbTargeting,US,INNERBRIGHTNESS,sbTargeting_innerbrightness_US_2026-03-21_2026-04-20.json,2026-04-21 01:59:27
9183,2026-04-21 01:59:27.891834,2026-04-21 01:59:27.891834,2026-04-17,59.98,35.48,2,14,EXACT,100.0,2,59.98,0,0,CPC,ENABLED,EXACT,4.55,200.0,0,2,134.40860215053763,2,Inner-SB-Collection-Creatine Gummies-CPC,8630109811607,100.0,0,creatine monohydrate gummies,59.98,USD,0,59.98,0,33.33,2,266803359071366,0,0,1.68,0,6.91,2,0,312377790335108,0,4.0,59.98,2,DAILY_BUDGET,ENABLED,3,0,3,EXACT,0,80.64516129032258,34.57,266803359071366,5,372,2,creatine monohydrate gummies,132,14,creatine monohydrate gummies,11.52,5,6,0,0.0,2,100.0,Inner-SB-Collection-Creatine Gummies-CPC,sbTargeting,US,INNERBRIGHTNESS,sbTargeting_innerbrightness_US_2026-03-21_2026-04-20.json,2026-04-21 01:59:27
9187,2026-04-21 01:59:27.891834,2026-04-21 01:59:27.891834,2026-04-14,0.0,0.0,0,0,EXACT,0.0,0,0.0,0,0,CPC,ENABLED,EXACT,0.0,200.0,0,0,0.0,0,Inner-SB-Collection-Creatine Gummies-CPC,8630109811607,0.0,0,creatine gummies for men,0.0,USD,0,0.0,0,0.0,0,240637656687643,0,0,0.0,0,0.0,0,0,312377790335108,0,4.0,0.0,0,DAILY_BUDGET,ENABLED,0,0,0,EXACT,0,0.0,0.0,240637656687643,0,2,0,creatine gummies for men,0,0,creatine gummies for men,0.0,0,0,0,0.0,0,0.0,Inner-SB-Collection-Creatine Gummies-CPC,sbTargeting,US,INNERBRIGHTNESS,sbTargeting_innerbrightness_US_2026-03-21_2026-04-20.json,2026-04-21 01:59:27
9188,2026-04-21 01:59:27.891834,2026-04-21 01:59:27.891834,2026-04-15,0.0,100.0,0,0,EXACT,0.0,0,0.0,0,0,CPC,ENABLED,EXACT,0.0,200.0,0,0,0.0,0,Inner-SB-Collection-Creatine Gummies-CPC,8630109811607,0.0,0,creatine gummies for men,0.0,USD,0,0.0,0,0.0,0,240637656687643,0,0,0.0,0,0.0,0,0,312377790335108,0,4.0,0.0,0,DAILY_BUDGET,ENABLED,0,0,0,EXACT,0,0.0,0.0,240637656687643,0,1,0,creatine gummies for men,1,0,creatine gummies for men,0.0,0,0,0,0.0,0,0.0,Inner-SB-Collection-Creatine Gummies-CPC,sbTargeting,US,INNERBRIGHTNESS,sbTargeting_innerbrightness_US_2026-03-21_2026-04-20.json,2026-04-21 01:59:27
9189,2026-04-21 01:59:27.891834,2026-04-21 01:59:27.891834,2026-04-16,0.0,25.51,0,1,EXACT,0.0,0,0.0,0,0,CPC,ENABLED,EXACT,4.0,200.0,0,0,102.04081632653062,0,Inner-SB-Collection-Creatine Gummies-CPC,8630109811607,0.0,0,creatine gummies for men,0.0,USD,0,0.0,0,0.0,0,240637656687643,0,0,2.52,0,5.5,0,0,312377790335108,0,4.0,0.0,0,DAILY_BUDGET,ENABLED,0,0,0,EXACT,0,0.0,5.5,240637656687643,1,98,0,creatine gummies for men,25,1,creatine gummies for men,0.0,1,1,0,0.0,0,0.0,Inner-SB-Collection-Creatine Gummies-CPC,sbTargeting,US,INNERBRIGHTNESS,sbTargeting_innerbrightness_US_2026-03-21_2026-04-20.json,2026-04-21 01:59:27
9190,2026-04-21 01:59:27.891834,2026-04-21 01:59:27.891834,2026-04-17,29.99,19.3,2,8,EXACT,50.0,2,59.98,0,0,CPC,ENABLED,EXACT,9.09,200.0,0,2,131.57894736842104,2,Inner-SB-Collection-Creatine Gummies-CPC,8630109811607,50.0,0,creatine gummies for men,59.98,USD,0,59.98,0,25.0,2,240637656687643,0,0,5.43,0,7.64,1,0,312377790335108,0,4.0,29.99,1,DAILY_BUDGET,ENABLED,4,0,4,EXACT,0,175.43859649122805,22.93,240637656687643,3,228,1,creatine gummies for men,44,8,creatine gummies for men,5.73,3,4,0,0.0,1,50.0,Inner-SB-Collection-Creatine Gummies-CPC,sbTargeting,US,INNERBRIGHTNESS,sbTargeting_innerbrightness_US_2026-03-21_2026-04-20.json,2026-04-21 01:59:27
9194,2026-04-21 01:59:27.891834,2026-04-21 01:59:27.891834,2026-04-16,0.0,100.0,0,0,THEME,0.0,0,0.0,0,0,CPC,ENABLED,THEME,0.0,200.0,0,0,0.0,0,Inner-SB-Collection-Creatine Gummies-CPC,8630109811607,0.0,0,keywords-related-to-your-brand,0.0,USD,0,0.0,0,0.0,0,259076503308034,0,0,100.0,0,0.0,0,0,312377790335108,0,2.0,0.0,0,DAILY_BUDGET,ENABLED,0,0,0,THEME,0,0.0,0.0,259076503308034,0,4,0,keywords-related-to-your-brand,4,0,keywords-related-to-your-brand,0.0,0,0,0,0.0,0,0.0,Inner-SB-Collection-Creatine Gummies-CPC,sbTargeting,US,INNERBRIGHTNESS,sbTargeting_innerbrightness_US_2026-03-21_2026-04-20.json,2026-04-21 01:59:27
