id,parentasin,childasin,salesbyasin_unitsordered,salesbyasin_unitsorderedb2b,salesbyasin_orderedproductsales_amount,salesbyasin_orderedproductsales_currencycode,salesbyasin_orderedproductsalesb2b_amount,salesbyasin_orderedproductsalesb2b_currencycode,salesbyasin_totalorderitems,salesbyasin_totalorderitemsb2b,trafficbyasin_browsersessions,trafficbyasin_browsersessionsb2b,trafficbyasin_mobileappsessions,trafficbyasin_mobileappsessionsb2b,trafficbyasin_sessions,trafficbyasin_sessionsb2b,trafficbyasin_browsersessionpercentage,trafficbyasin_browsersessionpercentageb2b,trafficbyasin_mobileappsessionpercentage,trafficbyasin_mobileappsessionpercentageb2b,trafficbyasin_sessionpercentage,trafficbyasin_sessionpercentageb2b,trafficbyasin_browserpageviews,trafficbyasin_browserpageviewsb2b,trafficbyasin_mobileapppageviews,trafficbyasin_mobileapppageviewsb2b,trafficbyasin_pageviews,trafficbyasin_pageviewsb2b,trafficbyasin_browserpageviewspercentage,trafficbyasin_browserpageviewspercentageb2b,trafficbyasin_mobileapppageviewspercentage,trafficbyasin_mobileapppageviewspercentageb2b,trafficbyasin_pageviewspercentage,trafficbyasin_pageviewspercentageb2b,trafficbyasin_buyboxpercentage,trafficbyasin_buyboxpercentageb2b,trafficbyasin_unitsessionpercentage,trafficbyasin_unitsessionpercentageb2b,report_date,country_code,customer,created_at,updated_at
1387,B0GBNWRHVX,B0GBNWRHVX,0,0,0.0000,USD,0.0000,USD,0,0,1,0,2,0,3,0,0.2700,0.0000,0.1500,0.0000,0.1800,0.0000,1,0,2,0,3,0,0.2000,0.0000,0.1200,0.0000,0.1400,0.0000,66.6700,0.0000,0.0000,0.0000,2026-04-05 00:00:00,US,innerbrightness,2026-04-20 00:22:26.340719,2026-04-20 00:22:26.340719
1388,B0GS61KH2Y,B0G26383JK,15,0,359.8500,USD,0.0000,USD,15,0,19,1,74,1,93,2,5.1100,7.1400,5.7100,3.8500,5.5800,5.0000,34,1,91,1,125,2,6.7100,4.3500,5.4200,3.3300,5.7200,3.7700,100.0000,0.0000,16.1300,0.0000,2026-04-05 00:00:00,US,innerbrightness,2026-04-20 00:22:26.340719,2026-04-20 00:22:26.340719
1389,B0GSRJTLWY,B0FNBYKPZT,29,0,869.7100,USD,0.0000,USD,27,0,26,3,101,1,127,4,6.9900,21.4300,7.8000,3.8500,7.6200,10.0000,38,5,133,1,171,6,7.5000,21.7400,7.9300,3.3300,7.8300,11.3200,100.0000,100.0000,22.8300,0.0000,2026-04-05 00:00:00,US,innerbrightness,2026-04-20 00:22:26.340719,2026-04-20 00:22:26.340719
1390,B0GSHWM86S,B0GKSVSK3P,10,0,229.9000,USD,0.0000,USD,10,0,26,1,56,1,82,2,6.9900,7.1400,4.3200,3.8500,4.9200,5.0000,41,1,79,1,120,2,8.0900,4.3500,4.7100,3.3300,5.4900,3.7700,96.3300,0.0000,12.2000,0.0000,2026-04-05 00:00:00,US,innerbrightness,2026-04-20 00:22:26.340719,2026-04-20 00:22:26.340719
1391,B0GSRJTLWY,B0FNBN38V4,96,1,2879.0400,USD,29.9900,USD,89,1,96,3,270,6,366,9,25.8100,21.4300,20.8500,23.0800,21.9600,22.5000,120,3,344,8,464,11,23.6700,13.0400,20.5000,26.6700,21.2400,20.7500,99.7700,83.3300,26.2300,11.1100,2026-04-05 00:00:00,US,innerbrightness,2026-04-20 00:22:26.340719,2026-04-20 00:22:26.340719
1392,B0GGRSXJDL,B0G6L2NQP4,0,0,0.0000,USD,0.0000,USD,0,0,0,0,0,0,0,0,0.0000,0.0000,0.0000,0.0000,0.0000,0.0000,0,0,0,0,0,0,0.0000,0.0000,0.0000,0.0000,0.0000,0.0000,0.0000,0.0000,0.0000,0.0000,2026-04-05 00:00:00,US,innerbrightness,2026-04-20 00:22:26.340719,2026-04-20 00:22:26.340719
1393,B0GSRJTLWY,B0GJ66LHGM,13,0,389.8700,USD,0.0000,USD,12,0,14,0,68,2,82,2,3.7600,0.0000,5.2500,7.6900,4.9200,5.0000,15,0,71,2,86,2,2.9600,0.0000,4.2300,6.6700,3.9400,3.7700,100.0000,100.0000,15.8500,0.0000,2026-04-05 00:00:00,US,innerbrightness,2026-04-20 00:22:26.340719,2026-04-20 00:22:26.340719
1394,B0GTB8S1VY,B0G25Y3DVZ,34,1,747.6600,USD,21.9900,USD,33,1,33,2,106,3,139,5,8.8700,14.2900,8.1900,11.5400,8.3400,12.5000,48,2,144,3,192,5,9.4700,8.7000,8.5800,10.0000,8.7900,9.4300,100.0000,100.0000,24.4600,20.0000,2026-04-05 00:00:00,US,innerbrightness,2026-04-20 00:22:26.340719,2026-04-20 00:22:26.340719
1395,B0GS5J5TRR,B0GJBFKQZC,2,0,47.9800,USD,0.0000,USD,2,0,5,0,9,0,14,0,1.3400,0.0000,0.6900,0.0000,0.8400,0.0000,6,0,9,0,15,0,1.1800,0.0000,0.5400,0.0000,0.6900,0.0000,100.0000,0.0000,14.2900,0.0000,2026-04-05 00:00:00,US,innerbrightness,2026-04-20 00:22:26.340719,2026-04-20 00:22:26.340719
1396,B0GS61KH2Y,B0DKT3PXRP,177,0,3538.2300,USD,0.0000,USD,168,0,111,1,474,7,585,8,29.8400,7.1400,36.6000,26.9200,35.0900,20.0000,145,4,621,9,766,13,28.6000,17.3900,37.0100,30.0000,35.0600,24.5300,99.4500,100.0000,30.2600,0.0000,2026-04-05 00:00:00,US,innerbrightness,2026-04-20 00:22:26.340719,2026-04-20 00:22:26.340719
1397,B0GSRRVKB4,B0FYFK76DM,1,0,20.9900,USD,0.0000,USD,1,0,1,0,4,0,5,0,0.2700,0.0000,0.3100,0.0000,0.3000,0.0000,2,0,10,0,12,0,0.3900,0.0000,0.6000,0.0000,0.5500,0.0000,100.0000,0.0000,20.0000,0.0000,2026-04-05 00:00:00,US,innerbrightness,2026-04-20 00:22:26.340719,2026-04-20 00:22:26.340719
1398,B0GVBPLXSW,B0FYFBZ7W5,17,0,384.0300,USD,0.0000,USD,17,0,21,3,49,2,70,5,5.6500,21.4300,3.7800,7.6900,4.2000,12.5000,36,7,74,2,110,9,7.1000,30.4300,4.4100,6.6700,5.0300,16.9800,98.9500,100.0000,24.2900,0.0000,2026-04-05 00:00:00,US,innerbrightness,2026-04-20 00:22:26.340719,2026-04-20 00:22:26.340719
1399,B0GS61KH2Y,B0DN5QQLB6,37,0,998.6300,USD,0.0000,USD,37,0,19,0,82,3,101,3,5.1100,0.0000,6.3300,11.5400,6.0600,7.5000,21,0,100,3,121,3,4.1400,0.0000,5.9600,10.0000,5.5400,5.6600,99.1200,0.0000,36.6300,0.0000,2026-04-05 00:00:00,US,innerbrightness,2026-04-20 00:22:26.340719,2026-04-20 00:22:26.340719
1441,B0GBNWRHVX,B0GBNWRHVX,0,0,0.0000,USD,0.0000,USD,0,0,0,0,2,0,2,0,0.0000,0.0000,0.1400,0.0000,0.1100,0.0000,0,0,2,0,2,0,0.0000,0.0000,0.1100,0.0000,0.0800,0.0000,50.0000,0.0000,0.0000,0.0000,2026-04-09 00:00:00,US,innerbrightness,2026-04-20 00:22:28.779833,2026-04-20 00:22:28.779833
1442,B0GS61KH2Y,B0G26383JK,23,1,551.7700,USD,23.9900,USD,23,1,26,1,91,2,117,3,5.5700,7.1400,6.5500,6.6700,6.3000,6.8200,39,1,114,2,153,3,6.4600,6.6700,6.4000,5.0000,6.4100,5.4500,100.0000,100.0000,19.6600,33.3300,2026-04-09 00:00:00,US,innerbrightness,2026-04-20 00:22:28.779833,2026-04-20 00:22:28.779833
1443,B0GSRJTLWY,B0FNBYKPZT,37,2,1109.6300,USD,59.9800,USD,35,1,36,1,68,3,104,4,7.7100,7.1400,4.9000,10.0000,5.6000,9.0900,43,1,77,3,120,4,7.1200,6.6700,4.3200,7.5000,5.0300,7.2700,100.0000,100.0000,35.5800,50.0000,2026-04-09 00:00:00,US,innerbrightness,2026-04-20 00:22:28.779833,2026-04-20 00:22:28.779833
1444,B0FNBN38V4,B0FNBN38V4,95,0,2849.0500,USD,0.0000,USD,93,0,115,2,282,11,397,13,24.6300,14.2900,20.3000,36.6700,21.3900,29.5500,142,3,371,18,513,21,23.5100,20.0000,20.8200,45.0000,21.5000,38.1800,100.0000,100.0000,23.9300,0.0000,2026-04-09 00:00:00,US,innerbrightness,2026-04-20 00:22:28.779833,2026-04-20 00:22:28.779833
1445,B0GSHWM86S,B0GKSVSK3P,11,0,252.8900,USD,0.0000,USD,10,0,25,1,68,1,93,2,5.3500,7.1400,4.9000,3.3300,5.0100,4.5500,35,1,86,1,121,2,5.7900,6.6700,4.8300,2.5000,5.0700,3.6400,100.0000,0.0000,11.8300,0.0000,2026-04-09 00:00:00,US,innerbrightness,2026-04-20 00:22:28.779833,2026-04-20 00:22:28.779833
1446,B0GGRSXJDL,B0G6L2NQP4,0,0,0.0000,USD,0.0000,USD,0,0,5,0,3,0,8,0,1.0700,0.0000,0.2200,0.0000,0.4300,0.0000,7,0,3,0,10,0,1.1600,0.0000,0.1700,0.0000,0.4200,0.0000,66.6700,0.0000,0.0000,0.0000,2026-04-09 00:00:00,US,innerbrightness,2026-04-20 00:22:28.779833,2026-04-20 00:22:28.779833
1447,B0GSRJTLWY,B0GJ66LHGM,14,0,419.8600,USD,0.0000,USD,14,0,25,1,79,1,104,2,5.3500,7.1400,5.6900,3.3300,5.6000,4.5500,30,1,91,1,121,2,4.9700,6.6700,5.1100,2.5000,5.0700,3.6400,100.0000,100.0000,13.4600,0.0000,2026-04-09 00:00:00,US,innerbrightness,2026-04-20 00:22:28.779833,2026-04-20 00:22:28.779833
1448,B0GTB8S1VY,B0G25Y3DVZ,30,0,734.7000,USD,0.0000,USD,28,0,41,2,79,4,120,6,8.7800,14.2900,5.6900,13.3300,6.4700,13.6400,59,2,99,4,158,6,9.7700,13.3300,5.5600,10.0000,6.6200,10.9100,100.0000,100.0000,25.0000,0.0000,2026-04-09 00:00:00,US,innerbrightness,2026-04-20 00:22:28.779833,2026-04-20 00:22:28.779833
1400,B0GBNWRHVX,B0GBNWRHVX,0,0,0.0000,USD,0.0000,USD,0,0,3,0,2,0,5,0,0.6100,0.0000,0.1400,0.0000,0.2700,0.0000,3,0,3,0,6,0,0.4800,0.0000,0.1700,0.0000,0.2500,0.0000,33.3300,0.0000,0.0000,0.0000,2026-04-06 00:00:00,US,innerbrightness,2026-04-20 00:22:26.993750,2026-04-20 00:22:26.993750
1401,B0GS61KH2Y,B0G26383JK,18,0,431.8200,USD,0.0000,USD,17,0,31,0,85,0,116,0,6.3100,0.0000,6.1500,0.0000,6.1900,0.0000,37,0,108,0,145,0,5.8800,0.0000,5.9600,0.0000,5.9400,0.0000,96.3500,0.0000,15.5200,0.0000,2026-04-06 00:00:00,US,innerbrightness,2026-04-20 00:22:26.993750,2026-04-20 00:22:26.993750
1402,B0GSRJTLWY,B0FNBYKPZT,40,0,1199.6000,USD,0.0000,USD,36,0,27,1,80,2,107,3,5.5000,12.5000,5.7800,10.5300,5.7100,11.1100,29,1,97,2,126,3,4.6100,12.5000,5.3500,8.7000,5.1600,9.6800,100.0000,100.0000,37.3800,0.0000,2026-04-06 00:00:00,US,innerbrightness,2026-04-20 00:22:26.993750,2026-04-20 00:22:26.993750
1403,B0GSHWM86S,B0GKSVSK3P,28,0,643.7200,USD,0.0000,USD,28,0,25,1,75,1,100,2,5.0900,12.5000,5.4200,5.2600,5.3400,7.4100,38,1,99,1,137,2,6.0400,12.5000,5.4600,4.3500,5.6100,6.4500,100.0000,100.0000,28.0000,0.0000,2026-04-06 00:00:00,US,innerbrightness,2026-04-20 00:22:26.993750,2026-04-20 00:22:26.993750
1404,B0GSRJTLWY,B0FNBN38V4,108,3,3238.9200,USD,89.9700,USD,104,3,136,2,284,3,420,5,27.7000,25.0000,20.5400,15.7900,22.4100,18.5200,172,2,368,4,540,6,27.3400,25.0000,20.3100,17.3900,22.1200,19.3500,99.4100,100.0000,25.7100,60.0000,2026-04-06 00:00:00,US,innerbrightness,2026-04-20 00:22:26.993750,2026-04-20 00:22:26.993750
1405,B0GGRSXJDL,B0G6L2NQP4,0,0,0.0000,USD,0.0000,USD,0,0,6,0,4,0,10,0,1.2200,0.0000,0.2900,0.0000,0.5300,0.0000,6,0,7,0,13,0,0.9500,0.0000,0.3900,0.0000,0.5300,0.0000,91.6700,0.0000,0.0000,0.0000,2026-04-06 00:00:00,US,innerbrightness,2026-04-20 00:22:26.993750,2026-04-20 00:22:26.993750
1406,B0GSRJTLWY,B0GJ66LHGM,11,0,329.8900,USD,0.0000,USD,11,0,16,0,56,0,72,0,3.2600,0.0000,4.0500,0.0000,3.8400,0.0000,23,0,62,0,85,0,3.6600,0.0000,3.4200,0.0000,3.4800,0.0000,100.0000,0.0000,15.2800,0.0000,2026-04-06 00:00:00,US,innerbrightness,2026-04-20 00:22:26.993750,2026-04-20 00:22:26.993750
1407,B0GTB8S1VY,B0G25Y3DVZ,38,0,835.6200,USD,0.0000,USD,35,0,49,1,100,1,149,2,9.9800,12.5000,7.2300,5.2600,7.9500,7.4100,66,1,136,1,202,2,10.4900,12.5000,7.5100,4.3500,8.2800,6.4500,100.0000,100.0000,25.5000,0.0000,2026-04-06 00:00:00,US,innerbrightness,2026-04-20 00:22:26.993750,2026-04-20 00:22:26.993750
1408,B0GBN5WH6R,B0GBN5WH6R,0,0,0.0000,USD,0.0000,USD,0,0,1,0,0,0,1,0,0.2000,0.0000,0.0000,0.0000,0.0500,0.0000,1,0,0,0,1,0,0.1600,0.0000,0.0000,0.0000,0.0400,0.0000,0.0000,0.0000,0.0000,0.0000,2026-04-06 00:00:00,US,innerbrightness,2026-04-20 00:22:26.993750,2026-04-20 00:22:26.993750
1409,B0GS5J5TRR,B0GJBFKQZC,1,0,23.9900,USD,0.0000,USD,1,0,4,0,12,1,16,1,0.8100,0.0000,0.8700,5.2600,0.8500,3.7000,4,0,16,1,20,1,0.6400,0.0000,0.8800,4.3500,0.8200,3.2300,100.0000,0.0000,6.2500,0.0000,2026-04-06 00:00:00,US,innerbrightness,2026-04-20 00:22:26.993750,2026-04-20 00:22:26.993750
1410,B0GS61KH2Y,B0DKT3PXRP,182,5,3638.1800,USD,99.9500,USD,167,5,149,3,543,9,692,12,30.3500,37.5000,39.2600,47.3700,36.9300,44.4400,196,3,705,10,901,13,31.1600,37.5000,38.9100,43.4800,36.9100,41.9400,98.8200,100.0000,26.3000,41.6700,2026-04-06 00:00:00,US,innerbrightness,2026-04-20 00:22:26.993750,2026-04-20 00:22:26.993750
1411,B0GSRRVKB4,B0FYFK76DM,2,0,41.9800,USD,0.0000,USD,2,0,2,0,2,0,4,0,0.4100,0.0000,0.1400,0.0000,0.2100,0.0000,2,0,6,0,8,0,0.3200,0.0000,0.3300,0.0000,0.3300,0.0000,100.0000,0.0000,50.0000,0.0000,2026-04-06 00:00:00,US,innerbrightness,2026-04-20 00:22:26.993750,2026-04-20 00:22:26.993750
1412,B0GVBPLXSW,B0FYFBZ7W5,10,0,225.9000,USD,0.0000,USD,10,0,15,0,54,0,69,0,3.0500,0.0000,3.9000,0.0000,3.6800,0.0000,18,0,82,0,100,0,2.8600,0.0000,4.5300,0.0000,4.1000,0.0000,100.0000,0.0000,14.4900,0.0000,2026-04-06 00:00:00,US,innerbrightness,2026-04-20 00:22:26.993750,2026-04-20 00:22:26.993750
1413,B0GS61KH2Y,B0DN5QQLB6,40,1,1079.6000,USD,26.9900,USD,39,1,27,0,86,2,113,2,5.5000,0.0000,6.2200,10.5300,6.0300,7.4100,34,0,123,4,157,4,5.4100,0.0000,6.7900,17.3900,6.4300,12.9000,97.9900,100.0000,35.4000,50.0000,2026-04-06 00:00:00,US,innerbrightness,2026-04-20 00:22:26.993750,2026-04-20 00:22:26.993750
1429,B0GS61KH2Y,B0G26383JK,18,0,431.8200,USD,0.0000,USD,18,0,37,2,85,0,122,2,8.1000,9.0900,6.4200,0.0000,6.8500,5.5600,40,2,110,0,150,2,7.0100,8.0000,6.5700,0.0000,6.6800,5.1300,97.8400,100.0000,14.7500,0.0000,2026-04-08 00:00:00,US,innerbrightness,2026-04-20 00:22:28.185569,2026-04-20 00:22:28.185569
1430,B0GSRJTLWY,B0FNBYKPZT,47,0,1409.5300,USD,0.0000,USD,45,0,23,2,72,0,95,2,5.0300,9.0900,5.4400,0.0000,5.3400,5.5600,26,2,83,0,109,2,4.5500,8.0000,4.9600,0.0000,4.8600,5.1300,100.0000,100.0000,49.4700,0.0000,2026-04-08 00:00:00,US,innerbrightness,2026-04-20 00:22:28.185569,2026-04-20 00:22:28.185569
1431,B0GSHWM86S,B0GKSVSK3P,34,0,781.6600,USD,0.0000,USD,34,0,34,1,81,0,115,1,7.4400,4.5500,6.1200,0.0000,6.4600,2.7800,50,1,108,0,158,1,8.7600,4.0000,6.4500,0.0000,7.0400,2.5600,99.3500,100.0000,29.5700,0.0000,2026-04-08 00:00:00,US,innerbrightness,2026-04-20 00:22:28.185569,2026-04-20 00:22:28.185569
1432,B0GSRJTLWY,B0FNBN38V4,99,0,2969.0100,USD,0.0000,USD,99,0,112,8,265,6,377,14,24.5100,36.3600,20.0300,42.8600,21.1800,38.8900,141,10,342,6,483,16,24.6900,40.0000,20.4300,42.8600,21.5100,41.0300,99.7800,100.0000,26.2600,0.0000,2026-04-08 00:00:00,US,innerbrightness,2026-04-20 00:22:28.185569,2026-04-20 00:22:28.185569
1414,B0GBNWRHVX,B0GBNWRHVX,0,0,0.0000,USD,0.0000,USD,0,0,2,0,0,0,2,0,0.4500,0.0000,0.0000,0.0000,0.1000,0.0000,3,0,0,0,3,0,0.5000,0.0000,0.0000,0.0000,0.1200,0.0000,0.0000,0.0000,0.0000,0.0000,2026-04-07 00:00:00,US,innerbrightness,2026-04-20 00:22:27.598559,2026-04-20 00:22:27.598559
1415,B0GS61KH2Y,B0G26383JK,23,0,551.7700,USD,0.0000,USD,22,0,39,0,95,1,134,1,8.6900,0.0000,6.5200,4.0000,7.0300,3.1300,56,0,127,1,183,1,9.3200,0.0000,6.5700,3.2300,7.2200,2.3800,100.0000,0.0000,17.1600,0.0000,2026-04-07 00:00:00,US,innerbrightness,2026-04-20 00:22:27.598559,2026-04-20 00:22:27.598559
1416,B0GSRJTLWY,B0FNBYKPZT,24,0,719.7600,USD,0.0000,USD,24,0,26,0,64,2,90,2,5.7900,0.0000,4.3900,8.0000,4.7200,6.2500,30,0,73,2,103,2,4.9900,0.0000,3.7800,6.4500,4.0600,4.7600,98.9100,100.0000,26.6700,0.0000,2026-04-07 00:00:00,US,innerbrightness,2026-04-20 00:22:27.598559,2026-04-20 00:22:27.598559
1417,B0GSHWM86S,B0GKSVSK3P,19,0,436.8100,USD,0.0000,USD,18,0,33,1,76,2,109,3,7.3500,14.2900,5.2100,8.0000,5.7200,9.3800,44,1,99,2,143,3,7.3200,9.0900,5.1200,6.4500,5.6400,7.1400,100.0000,100.0000,17.4300,0.0000,2026-04-07 00:00:00,US,innerbrightness,2026-04-20 00:22:27.598559,2026-04-20 00:22:27.598559
1418,B0GSRJTLWY,B0FNBN38V4,84,1,2519.1600,USD,29.9900,USD,80,1,113,1,292,5,405,6,25.1700,14.2900,20.0300,20.0000,21.2400,18.7500,148,2,376,5,524,7,24.6300,18.1800,19.4500,16.1300,20.6800,16.6700,99.7900,100.0000,20.7400,16.6700,2026-04-07 00:00:00,US,innerbrightness,2026-04-20 00:22:27.598559,2026-04-20 00:22:27.598559
1419,B0GGRSXJDL,B0G6L2NQP4,3,0,107.9700,USD,0.0000,USD,3,0,8,0,3,0,11,0,1.7800,0.0000,0.2100,0.0000,0.5800,0.0000,13,0,3,0,16,0,2.1600,0.0000,0.1600,0.0000,0.6300,0.0000,83.3300,0.0000,27.2700,0.0000,2026-04-07 00:00:00,US,innerbrightness,2026-04-20 00:22:27.598559,2026-04-20 00:22:27.598559
1420,B0GSRJTLWY,B0GJ66LHGM,15,0,449.8500,USD,0.0000,USD,15,0,21,0,73,2,94,2,4.6800,0.0000,5.0100,8.0000,4.9300,6.2500,23,0,90,5,113,5,3.8300,0.0000,4.6600,16.1300,4.4600,11.9000,98.0000,100.0000,15.9600,0.0000,2026-04-07 00:00:00,US,innerbrightness,2026-04-20 00:22:27.598559,2026-04-20 00:22:27.598559
1421,B0GTB8S1VY,B0G25Y3DVZ,30,0,719.7000,USD,0.0000,USD,30,0,36,1,109,1,145,2,8.0200,14.2900,7.4800,4.0000,7.6000,6.2500,55,1,153,2,208,3,9.1500,9.0900,7.9200,6.4500,8.2100,7.1400,99.4600,100.0000,20.6900,0.0000,2026-04-07 00:00:00,US,innerbrightness,2026-04-20 00:22:27.598559,2026-04-20 00:22:27.598559
1422,B0GSRJTLWY,B0GSRJTLWY,0,0,0.0000,USD,0.0000,USD,0,0,1,0,0,0,1,0,0.2200,0.0000,0.0000,0.0000,0.0500,0.0000,1,0,0,0,1,0,0.1700,0.0000,0.0000,0.0000,0.0400,0.0000,0.0000,0.0000,0.0000,0.0000,2026-04-07 00:00:00,US,innerbrightness,2026-04-20 00:22:27.598559,2026-04-20 00:22:27.598559
1423,B0GBN5WH6R,B0GBN5WH6R,0,0,0.0000,USD,0.0000,USD,0,0,2,0,1,0,3,0,0.4500,0.0000,0.0700,0.0000,0.1600,0.0000,4,0,1,0,5,0,0.6700,0.0000,0.0500,0.0000,0.2000,0.0000,33.3300,0.0000,0.0000,0.0000,2026-04-07 00:00:00,US,innerbrightness,2026-04-20 00:22:27.598559,2026-04-20 00:22:27.598559
1424,B0GS5J5TRR,B0GJBFKQZC,2,0,47.9800,USD,0.0000,USD,2,0,2,0,7,1,9,1,0.4500,0.0000,0.4800,4.0000,0.4700,3.1300,2,0,9,1,11,1,0.3300,0.0000,0.4700,3.2300,0.4300,2.3800,100.0000,0.0000,22.2200,0.0000,2026-04-07 00:00:00,US,innerbrightness,2026-04-20 00:22:27.598559,2026-04-20 00:22:27.598559
1425,B0GS61KH2Y,B0DKT3PXRP,187,3,3738.1300,USD,59.9700,USD,183,3,130,3,564,8,694,11,28.9500,42.8600,38.6800,32.0000,36.3900,34.3800,163,6,753,8,916,14,27.1200,54.5500,38.9500,25.8100,36.1500,33.3300,99.5400,100.0000,26.9500,27.2700,2026-04-07 00:00:00,US,innerbrightness,2026-04-20 00:22:27.598559,2026-04-20 00:22:27.598559
1426,B0GSRRVKB4,B0FYFK76DM,5,1,104.9500,USD,20.9900,USD,5,1,2,0,7,1,9,1,0.4500,0.0000,0.4800,4.0000,0.4700,3.1300,3,0,10,1,13,1,0.5000,0.0000,0.5200,3.2300,0.5100,2.3800,100.0000,100.0000,55.5600,100.0000,2026-04-07 00:00:00,US,innerbrightness,2026-04-20 00:22:27.598559,2026-04-20 00:22:27.598559
1427,B0GVBPLXSW,B0FYFBZ7W5,14,0,316.2600,USD,0.0000,USD,14,0,15,1,71,1,86,2,3.3400,14.2900,4.8700,4.0000,4.5100,6.2500,26,1,104,2,130,3,4.3300,9.0900,5.3800,6.4500,5.1300,7.1400,99.1600,0.0000,16.2800,0.0000,2026-04-07 00:00:00,US,innerbrightness,2026-04-20 00:22:27.598559,2026-04-20 00:22:27.598559
1428,B0GS61KH2Y,B0DN5QQLB6,28,0,783.7200,USD,0.0000,USD,28,0,19,0,96,1,115,1,4.2300,0.0000,6.5800,4.0000,6.0300,3.1300,30,0,135,2,165,2,4.9900,0.0000,6.9800,6.4500,6.5100,4.7600,99.3600,0.0000,24.3500,0.0000,2026-04-07 00:00:00,US,innerbrightness,2026-04-20 00:22:27.598559,2026-04-20 00:22:27.598559
1535,B0GBNWRHVX,B0GBNWRHVX,0,0,0.0000,USD,0.0000,USD,0,0,0,0,1,0,1,0,0.0000,0.0000,0.0600,0.0000,0.0400,0.0000,0,0,1,0,1,0,0.0000,0.0000,0.0500,0.0000,0.0300,0.0000,0.0000,0.0000,0.0000,0.0000,2026-04-15 00:00:00,US,innerbrightness,2026-04-20 00:22:32.543741,2026-04-20 00:22:32.543741
1536,B0GS61KH2Y,B0G26383JK,50,0,839.0000,USD,0.0000,USD,47,0,46,0,186,5,232,5,8.3300,0.0000,10.6700,20.0000,10.1100,12.2000,56,0,223,9,279,9,7.9400,0.0000,10.0600,25.0000,9.5500,16.0700,99.2200,0.0000,21.5500,0.0000,2026-04-15 00:00:00,US,innerbrightness,2026-04-20 00:22:32.543741,2026-04-20 00:22:32.543741
1537,B0GSRJTLWY,B0FNBYKPZT,38,1,1139.6200,USD,29.9900,USD,38,1,27,3,78,1,105,4,4.8900,18.7500,4.4800,4.0000,4.5800,9.7600,32,3,99,1,131,4,4.5400,15.0000,4.4700,2.7800,4.4800,7.1400,100.0000,100.0000,36.1900,25.0000,2026-04-15 00:00:00,US,innerbrightness,2026-04-20 00:22:32.543741,2026-04-20 00:22:32.543741
1538,B0GSHWM86S,B0GKSVSK3P,39,2,761.6700,USD,39.0600,USD,34,2,52,3,117,2,169,5,9.4200,18.7500,6.7100,8.0000,7.3600,12.2000,64,5,148,3,212,8,9.0800,25.0000,6.6800,8.3300,7.2600,14.2900,100.0000,100.0000,23.0800,40.0000,2026-04-15 00:00:00,US,innerbrightness,2026-04-20 00:22:32.543741,2026-04-20 00:22:32.543741
1539,B0GSRJTLWY,B0FNBN38V4,97,3,2909.0300,USD,89.9700,USD,94,3,98,3,230,5,328,8,17.7500,18.7500,13.2000,20.0000,14.2900,19.5100,118,4,279,7,397,11,16.7400,20.0000,12.5800,19.4400,13.5900,19.6400,100.0000,100.0000,29.5700,37.5000,2026-04-15 00:00:00,US,innerbrightness,2026-04-20 00:22:32.543741,2026-04-20 00:22:32.543741
1433,B0GGRSXJDL,B0G6L2NQP4,1,0,35.9900,USD,0.0000,USD,1,0,5,0,3,0,8,0,1.0900,0.0000,0.2300,0.0000,0.4500,0.0000,7,0,3,0,10,0,1.2300,0.0000,0.1800,0.0000,0.4500,0.0000,100.0000,0.0000,12.5000,0.0000,2026-04-08 00:00:00,US,innerbrightness,2026-04-20 00:22:28.185569,2026-04-20 00:22:28.185569
1434,B0GSRJTLWY,B0GJ66LHGM,7,0,209.9300,USD,0.0000,USD,7,0,25,1,58,0,83,1,5.4700,4.5500,4.3800,0.0000,4.6600,2.7800,28,1,65,0,93,1,4.9000,4.0000,3.8800,0.0000,4.1400,2.5600,100.0000,100.0000,8.4300,0.0000,2026-04-08 00:00:00,US,innerbrightness,2026-04-20 00:22:28.185569,2026-04-20 00:22:28.185569
1435,B0GTB8S1VY,B0G25Y3DVZ,26,1,636.7400,USD,24.4900,USD,25,1,39,2,89,2,128,4,8.5300,9.0900,6.7300,14.2900,7.1900,11.1100,53,2,105,2,158,4,9.2800,8.0000,6.2700,14.2900,7.0400,10.2600,100.0000,100.0000,20.3100,25.0000,2026-04-08 00:00:00,US,innerbrightness,2026-04-20 00:22:28.185569,2026-04-20 00:22:28.185569
1436,B0GS5J5TRR,B0GJBFKQZC,1,0,23.9900,USD,0.0000,USD,1,0,1,0,6,0,7,0,0.2200,0.0000,0.4500,0.0000,0.3900,0.0000,1,0,7,0,8,0,0.1800,0.0000,0.4200,0.0000,0.3600,0.0000,100.0000,0.0000,14.2900,0.0000,2026-04-08 00:00:00,US,innerbrightness,2026-04-20 00:22:28.185569,2026-04-20 00:22:28.185569
1437,B0GS61KH2Y,B0DKT3PXRP,151,0,3006.4900,USD,0.0000,USD,149,0,135,3,532,6,667,9,29.5400,13.6400,40.2100,42.8600,37.4700,25.0000,166,4,686,6,852,10,29.0700,16.0000,40.9800,42.8600,37.9500,25.6400,100.0000,100.0000,22.6400,0.0000,2026-04-08 00:00:00,US,innerbrightness,2026-04-20 00:22:28.185569,2026-04-20 00:22:28.185569
1438,B0GSRRVKB4,B0FYFK76DM,5,0,104.9500,USD,0.0000,USD,5,0,2,0,3,0,5,0,0.4400,0.0000,0.2300,0.0000,0.2800,0.0000,2,0,4,0,6,0,0.3500,0.0000,0.2400,0.0000,0.2700,0.0000,100.0000,0.0000,100.0000,0.0000,2026-04-08 00:00:00,US,innerbrightness,2026-04-20 00:22:28.185569,2026-04-20 00:22:28.185569
1439,B0GVBPLXSW,B0FYFBZ7W5,9,0,203.3100,USD,0.0000,USD,9,0,16,1,58,0,74,1,3.5000,4.5500,4.3800,0.0000,4.1600,2.7800,25,1,76,0,101,1,4.3800,4.0000,4.5400,0.0000,4.5000,2.5600,97.8700,0.0000,12.1600,0.0000,2026-04-08 00:00:00,US,innerbrightness,2026-04-20 00:22:28.185569,2026-04-20 00:22:28.185569
1440,B0GS61KH2Y,B0DN5QQLB6,36,0,1007.6400,USD,0.0000,USD,35,0,28,2,71,0,99,2,6.1300,9.0900,5.3700,0.0000,5.5600,5.5600,32,2,85,0,117,2,5.6000,8.0000,5.0800,0.0000,5.2100,5.1300,100.0000,0.0000,36.3600,0.0000,2026-04-08 00:00:00,US,innerbrightness,2026-04-20 00:22:28.185569,2026-04-20 00:22:28.185569
1540,B0GQZ8FRX8,B0GQZ8FRX8,0,0,0.0000,USD,0.0000,USD,0,0,4,0,8,0,12,0,0.7200,0.0000,0.4600,0.0000,0.5200,0.0000,5,0,12,0,17,0,0.7100,0.0000,0.5400,0.0000,0.5800,0.0000,100.0000,0.0000,0.0000,0.0000,2026-04-15 00:00:00,US,innerbrightness,2026-04-20 00:22:32.543741,2026-04-20 00:22:32.543741
1541,B0GGRSXJDL,B0G6L2NQP4,0,0,0.0000,USD,0.0000,USD,0,0,4,0,4,0,8,0,0.7200,0.0000,0.2300,0.0000,0.3500,0.0000,7,0,5,0,12,0,0.9900,0.0000,0.2300,0.0000,0.4100,0.0000,100.0000,0.0000,0.0000,0.0000,2026-04-15 00:00:00,US,innerbrightness,2026-04-20 00:22:32.543741,2026-04-20 00:22:32.543741
1542,B0GSRJTLWY,B0GJ66LHGM,8,0,239.9200,USD,0.0000,USD,8,0,17,1,42,1,59,2,3.0800,6.2500,2.4100,4.0000,2.5700,4.8800,18,1,48,1,66,2,2.5500,5.0000,2.1700,2.7800,2.2600,3.5700,100.0000,0.0000,13.5600,0.0000,2026-04-15 00:00:00,US,innerbrightness,2026-04-20 00:22:32.543741,2026-04-20 00:22:32.543741
1543,B0GTB8S1VY,B0G25Y3DVZ,30,0,734.7000,USD,0.0000,USD,29,0,31,2,77,2,108,4,5.6200,12.5000,4.4200,8.0000,4.7100,9.7600,43,3,105,4,148,7,6.1000,15.0000,4.7400,11.1100,5.0700,12.5000,100.0000,100.0000,27.7800,0.0000,2026-04-15 00:00:00,US,innerbrightness,2026-04-20 00:22:32.543741,2026-04-20 00:22:32.543741
1544,B0GBN5WH6R,B0GBN5WH6R,0,0,0.0000,USD,0.0000,USD,0,0,0,0,2,0,2,0,0.0000,0.0000,0.1100,0.0000,0.0900,0.0000,0,0,2,0,2,0,0.0000,0.0000,0.0900,0.0000,0.0700,0.0000,50.0000,0.0000,0.0000,0.0000,2026-04-15 00:00:00,US,innerbrightness,2026-04-20 00:22:32.543741,2026-04-20 00:22:32.543741
1545,B0GS5J5TRR,B0GJBFKQZC,17,1,346.6300,USD,20.3900,USD,16,1,19,0,85,1,104,1,3.4400,0.0000,4.8800,4.0000,4.5300,2.4400,21,0,107,1,128,1,2.9800,0.0000,4.8300,2.7800,4.3800,1.7900,99.1400,100.0000,16.3500,100.0000,2026-04-15 00:00:00,US,innerbrightness,2026-04-20 00:22:32.543741,2026-04-20 00:22:32.543741
1546,B0GS61KH2Y,B0DKT3PXRP,318,0,4448.8200,USD,0.0000,USD,300,0,188,3,649,4,837,7,34.0600,18.7500,37.2300,16.0000,36.4700,17.0700,249,3,851,5,1100,8,35.3200,15.0000,38.3900,13.8900,37.6500,14.2900,99.7100,100.0000,37.9900,0.0000,2026-04-15 00:00:00,US,innerbrightness,2026-04-20 00:22:32.543741,2026-04-20 00:22:32.543741
1547,B0GSRJTLWY,B0GL11MTZM,16,0,479.8400,USD,0.0000,USD,15,0,9,1,37,2,46,3,1.6300,6.2500,2.1200,8.0000,2.0000,7.3200,9,1,40,2,49,3,1.2800,5.0000,1.8000,5.5600,1.6800,5.3600,100.0000,0.0000,34.7800,0.0000,2026-04-15 00:00:00,US,innerbrightness,2026-04-20 00:22:32.543741,2026-04-20 00:22:32.543741
1548,B0GSRRVKB4,B0FYFK76DM,8,0,159.9200,USD,0.0000,USD,8,0,1,0,4,0,5,0,0.1800,0.0000,0.2300,0.0000,0.2200,0.0000,2,0,5,0,7,0,0.2800,0.0000,0.2300,0.0000,0.2400,0.0000,100.0000,0.0000,160.0000,0.0000,2026-04-15 00:00:00,US,innerbrightness,2026-04-20 00:22:32.543741,2026-04-20 00:22:32.543741
1549,B0GWHWMMYC,B0GWHWMMYC,0,0,0.0000,USD,0.0000,USD,0,0,1,0,1,0,2,0,0.1800,0.0000,0.0600,0.0000,0.0900,0.0000,1,0,1,0,2,0,0.1400,0.0000,0.0500,0.0000,0.0700,0.0000,0.0000,0.0000,0.0000,0.0000,2026-04-15 00:00:00,US,innerbrightness,2026-04-20 00:22:32.543741,2026-04-20 00:22:32.543741
1550,B0GVBPLXSW,B0FYFBZ7W5,20,0,451.8000,USD,0.0000,USD,19,0,28,0,103,1,131,1,5.0700,0.0000,5.9100,4.0000,5.7100,2.4400,41,0,136,2,177,2,5.8200,0.0000,6.1300,5.5600,6.0600,3.5700,97.5900,100.0000,15.2700,0.0000,2026-04-15 00:00:00,US,innerbrightness,2026-04-20 00:22:32.543741,2026-04-20 00:22:32.543741
1551,B0GS61KH2Y,B0DN5QQLB6,44,0,1099.1200,USD,0.0000,USD,44,0,27,0,119,1,146,1,4.8900,0.0000,6.8300,4.0000,6.3600,2.4400,39,0,155,1,194,1,5.5300,0.0000,6.9900,2.7800,6.6400,1.7900,98.8900,100.0000,30.1400,0.0000,2026-04-15 00:00:00,US,innerbrightness,2026-04-20 00:22:32.543741,2026-04-20 00:22:32.543741
1568,B0GS61KH2Y,B0G26383JK,37,1,620.8600,USD,16.7800,USD,33,1,52,2,246,3,298,5,9.8300,15.3800,14.1700,17.6500,13.1600,16.6700,68,2,299,4,367,6,9.9300,13.3300,13.3400,16.6700,12.5400,15.3800,100.0000,100.0000,12.4200,20.0000,2026-04-17 00:00:00,US,innerbrightness,2026-04-20 00:22:33.948575,2026-04-20 00:22:33.948575
1569,B0GSRJTLWY,B0FNBYKPZT,38,0,1139.6200,USD,0.0000,USD,36,0,22,0,70,0,92,0,4.1600,0.0000,4.0300,0.0000,4.0600,0.0000,27,0,89,0,116,0,3.9400,0.0000,3.9700,0.0000,3.9600,0.0000,100.0000,0.0000,41.3000,0.0000,2026-04-17 00:00:00,US,innerbrightness,2026-04-20 00:22:33.948575,2026-04-20 00:22:33.948575
1570,B0GSHWM86S,B0GKSVSK3P,42,1,820.2600,USD,19.5300,USD,41,1,42,0,104,0,146,0,7.9400,0.0000,5.9900,0.0000,6.4500,0.0000,50,0,144,0,194,0,7.3000,0.0000,6.4200,0.0000,6.6300,0.0000,98.9000,0.0000,28.7700,0.0000,2026-04-17 00:00:00,US,innerbrightness,2026-04-20 00:22:33.948575,2026-04-20 00:22:33.948575
1449,B0GS5J5TRR,B0GJBFKQZC,2,0,47.9800,USD,0.0000,USD,2,0,2,0,3,0,5,0,0.4300,0.0000,0.2200,0.0000,0.2700,0.0000,2,0,4,0,6,0,0.3300,0.0000,0.2200,0.0000,0.2500,0.0000,100.0000,0.0000,40.0000,0.0000,2026-04-09 00:00:00,US,innerbrightness,2026-04-20 00:22:28.779833,2026-04-20 00:22:28.779833
1450,B0GS61KH2Y,B0DKT3PXRP,195,1,3898.0500,USD,19.9900,USD,183,1,155,4,593,5,748,9,33.1900,28.5700,42.6900,16.6700,40.3000,20.4500,199,4,778,8,977,12,32.9500,26.6700,43.6600,20.0000,40.9500,21.8200,99.1300,100.0000,26.0700,11.1100,2026-04-09 00:00:00,US,innerbrightness,2026-04-20 00:22:28.779833,2026-04-20 00:22:28.779833
1451,B0GSRRVKB4,B0FYFK76DM,1,0,20.9900,USD,0.0000,USD,1,0,1,0,5,0,6,0,0.2100,0.0000,0.3600,0.0000,0.3200,0.0000,1,0,6,0,7,0,0.1700,0.0000,0.3400,0.0000,0.2900,0.0000,100.0000,0.0000,16.6700,0.0000,2026-04-09 00:00:00,US,innerbrightness,2026-04-20 00:22:28.779833,2026-04-20 00:22:28.779833
1452,B0GVBPLXSW,B0FYFBZ7W5,11,0,248.4900,USD,0.0000,USD,11,0,9,1,43,0,52,1,1.9300,7.1400,3.1000,0.0000,2.8000,2.2700,13,1,63,0,76,1,2.1500,6.6700,3.5400,0.0000,3.1900,1.8200,94.3700,0.0000,21.1500,0.0000,2026-04-09 00:00:00,US,innerbrightness,2026-04-20 00:22:28.779833,2026-04-20 00:22:28.779833
1453,B0GS61KH2Y,B0DN5QQLB6,30,0,839.7000,USD,0.0000,USD,30,0,27,1,73,3,100,4,5.7800,7.1400,5.2600,10.0000,5.3900,9.0900,34,1,88,3,122,4,5.6300,6.6700,4.9400,7.5000,5.1100,7.2700,100.0000,100.0000,30.0000,0.0000,2026-04-09 00:00:00,US,innerbrightness,2026-04-20 00:22:28.779833,2026-04-20 00:22:28.779833
1552,B0GS61KH2Y,B0G26383JK,39,0,654.4200,USD,0.0000,USD,36,0,43,0,170,2,213,2,7.5400,0.0000,10.5600,8.3300,9.7700,5.5600,52,0,208,2,260,2,7.0000,0.0000,9.9800,7.1400,9.2000,4.6500,99.1800,100.0000,18.3100,0.0000,2026-04-16 00:00:00,US,innerbrightness,2026-04-20 00:22:33.307110,2026-04-20 00:22:33.307110
1553,B0GSRJTLWY,B0FNBYKPZT,43,0,1289.5700,USD,0.0000,USD,42,0,32,1,66,1,98,2,5.6100,8.3300,4.1000,4.1700,4.5000,5.5600,39,1,89,1,128,2,5.2500,6.6700,4.2700,3.5700,4.5300,4.6500,100.0000,100.0000,43.8800,0.0000,2026-04-16 00:00:00,US,innerbrightness,2026-04-20 00:22:33.307110,2026-04-20 00:22:33.307110
1554,B0GSHWM86S,B0GKSVSK3P,30,2,585.9000,USD,39.0600,USD,29,2,50,2,96,3,146,5,8.7700,16.6700,5.9600,12.5000,6.7000,13.8900,70,2,118,3,188,5,9.4200,13.3300,5.6600,10.7100,6.6500,11.6300,100.0000,100.0000,20.5500,40.0000,2026-04-16 00:00:00,US,innerbrightness,2026-04-20 00:22:33.307110,2026-04-20 00:22:33.307110
1555,B0GSRJTLWY,B0FNBN38V4,102,2,3058.9800,USD,59.9800,USD,99,2,120,1,234,3,354,4,21.0500,8.3300,14.5300,12.5000,16.2400,11.1100,154,2,308,3,462,5,20.7300,13.3300,14.7800,10.7100,16.3400,11.6300,99.7700,100.0000,28.8100,50.0000,2026-04-16 00:00:00,US,innerbrightness,2026-04-20 00:22:33.307110,2026-04-20 00:22:33.307110
1556,B0GQZ8FRX8,B0GQZ8FRX8,3,0,59.9700,USD,0.0000,USD,3,0,5,0,10,0,15,0,0.8800,0.0000,0.6200,0.0000,0.6900,0.0000,5,0,15,0,20,0,0.6700,0.0000,0.7200,0.0000,0.7100,0.0000,100.0000,0.0000,20.0000,0.0000,2026-04-16 00:00:00,US,innerbrightness,2026-04-20 00:22:33.307110,2026-04-20 00:22:33.307110
1557,B0GGRSXJDL,B0G6L2NQP4,1,0,35.9900,USD,0.0000,USD,1,0,3,0,2,0,5,0,0.5300,0.0000,0.1200,0.0000,0.2300,0.0000,3,0,2,0,5,0,0.4000,0.0000,0.1000,0.0000,0.1800,0.0000,100.0000,0.0000,20.0000,0.0000,2026-04-16 00:00:00,US,innerbrightness,2026-04-20 00:22:33.307110,2026-04-20 00:22:33.307110
1558,B0GSRJTLWY,B0GJ66LHGM,6,0,179.9400,USD,0.0000,USD,6,0,18,1,35,0,53,1,3.1600,8.3300,2.1700,0.0000,2.4300,2.7800,24,1,36,0,60,1,3.2300,6.6700,1.7300,0.0000,2.1200,2.3300,100.0000,100.0000,11.3200,0.0000,2026-04-16 00:00:00,US,innerbrightness,2026-04-20 00:22:33.307110,2026-04-20 00:22:33.307110
1559,B0GTB8S1VY,B0G25Y3DVZ,29,0,710.2100,USD,0.0000,USD,25,0,43,0,72,2,115,2,7.5400,0.0000,4.4700,8.3300,5.2800,5.5600,52,0,89,2,141,2,7.0000,0.0000,4.2700,7.1400,4.9900,4.6500,100.0000,100.0000,25.2200,0.0000,2026-04-16 00:00:00,US,innerbrightness,2026-04-20 00:22:33.307110,2026-04-20 00:22:33.307110
1560,B0GBN5WH6R,B0GBN5WH6R,0,0,0.0000,USD,0.0000,USD,0,0,1,0,1,0,2,0,0.1800,0.0000,0.0600,0.0000,0.0900,0.0000,1,0,1,0,2,0,0.1300,0.0000,0.0500,0.0000,0.0700,0.0000,50.0000,0.0000,0.0000,0.0000,2026-04-16 00:00:00,US,innerbrightness,2026-04-20 00:22:33.307110,2026-04-20 00:22:33.307110
1561,B0GS5J5TRR,B0GJBFKQZC,7,0,142.7300,USD,0.0000,USD,7,0,15,0,64,1,79,1,2.6300,0.0000,3.9800,4.1700,3.6200,2.7800,16,0,76,2,92,2,2.1500,0.0000,3.6500,7.1400,3.2500,4.6500,100.0000,0.0000,8.8600,0.0000,2026-04-16 00:00:00,US,innerbrightness,2026-04-20 00:22:33.307110,2026-04-20 00:22:33.307110
1562,B0GS61KH2Y,B0DKT3PXRP,309,3,4322.9100,USD,41.9700,USD,285,3,173,4,638,12,811,16,30.3500,33.3300,39.6300,50.0000,37.2000,44.4400,236,6,854,15,1090,21,31.7600,40.0000,40.9800,53.5700,38.5600,48.8400,99.7100,100.0000,38.1000,18.7500,2026-04-16 00:00:00,US,innerbrightness,2026-04-20 00:22:33.307110,2026-04-20 00:22:33.307110
1563,B0GSRJTLWY,B0GL11MTZM,10,0,299.9000,USD,0.0000,USD,10,0,18,1,29,0,47,1,3.1600,8.3300,1.8000,0.0000,2.1600,2.7800,25,1,33,0,58,1,3.3600,6.6700,1.5800,0.0000,2.0500,2.3300,100.0000,100.0000,21.2800,0.0000,2026-04-16 00:00:00,US,innerbrightness,2026-04-20 00:22:33.307110,2026-04-20 00:22:33.307110
1564,B0GSRRVKB4,B0FYFK76DM,5,0,99.9500,USD,0.0000,USD,5,0,2,0,3,0,5,0,0.3500,0.0000,0.1900,0.0000,0.2300,0.0000,2,0,3,0,5,0,0.2700,0.0000,0.1400,0.0000,0.1800,0.0000,100.0000,0.0000,100.0000,0.0000,2026-04-16 00:00:00,US,innerbrightness,2026-04-20 00:22:33.307110,2026-04-20 00:22:33.307110
1565,B0GWHWMMYC,B0GWHWMMYC,0,0,0.0000,USD,0.0000,USD,0,0,1,0,2,0,3,0,0.1800,0.0000,0.1200,0.0000,0.1400,0.0000,2,0,2,0,4,0,0.2700,0.0000,0.1000,0.0000,0.1400,0.0000,25.0000,0.0000,0.0000,0.0000,2026-04-16 00:00:00,US,innerbrightness,2026-04-20 00:22:33.307110,2026-04-20 00:22:33.307110
1566,B0GVBPLXSW,B0FYFBZ7W5,21,0,474.3900,USD,0.0000,USD,21,0,23,2,71,0,94,2,4.0400,16.6700,4.4100,0.0000,4.3100,5.5600,38,2,98,0,136,2,5.1100,13.3300,4.7000,0.0000,4.8100,4.6500,90.2400,100.0000,22.3400,0.0000,2026-04-16 00:00:00,US,innerbrightness,2026-04-20 00:22:33.307110,2026-04-20 00:22:33.307110
1567,B0GS61KH2Y,B0DN5QQLB6,39,0,974.2200,USD,0.0000,USD,37,0,23,0,117,0,140,0,4.0400,0.0000,7.2700,0.0000,6.4200,0.0000,24,0,152,0,176,0,3.2300,0.0000,7.2900,0.0000,6.2300,0.0000,100.0000,0.0000,27.8600,0.0000,2026-04-16 00:00:00,US,innerbrightness,2026-04-20 00:22:33.307110,2026-04-20 00:22:33.307110
1571,B0GSRJTLWY,B0FNBN38V4,104,3,3118.9600,USD,89.9700,USD,100,2,110,3,240,5,350,8,20.7900,23.0800,13.8200,29.4100,15.4500,26.6700,140,4,329,7,469,11,20.4400,26.6700,14.6700,29.1700,16.0200,28.2100,99.7700,100.0000,29.7100,37.5000,2026-04-17 00:00:00,US,innerbrightness,2026-04-20 00:22:33.948575,2026-04-20 00:22:33.948575
1572,B0GQZ8FRX8,B0GQZ8FRX8,3,0,59.9700,USD,0.0000,USD,3,0,5,0,7,0,12,0,0.9500,0.0000,0.4000,0.0000,0.5300,0.0000,6,0,7,0,13,0,0.8800,0.0000,0.3100,0.0000,0.4400,0.0000,100.0000,0.0000,25.0000,0.0000,2026-04-17 00:00:00,US,innerbrightness,2026-04-20 00:22:33.948575,2026-04-20 00:22:33.948575
1454,B0GBNWRHVX,B0GBNWRHVX,0,0,0.0000,USD,0.0000,USD,0,0,0,0,3,0,3,0,0.0000,0.0000,0.2300,0.0000,0.1700,0.0000,0,0,3,0,3,0,0.0000,0.0000,0.1700,0.0000,0.1300,0.0000,66.6700,0.0000,0.0000,0.0000,2026-04-10 00:00:00,US,innerbrightness,2026-04-20 00:22:29.415967,2026-04-20 00:22:29.415967
1455,B0GS61KH2Y,B0G26383JK,26,0,623.7400,USD,0.0000,USD,26,0,47,0,75,0,122,0,10.7300,0.0000,5.6600,0.0000,6.9200,0.0000,55,0,92,0,147,0,10.6000,0.0000,5.3500,0.0000,6.5700,0.0000,100.0000,0.0000,21.3100,0.0000,2026-04-10 00:00:00,US,innerbrightness,2026-04-20 00:22:29.415967,2026-04-20 00:22:29.415967
1456,B0GSRJTLWY,B0FNBYKPZT,29,2,869.7100,USD,59.9800,USD,29,2,20,2,88,1,108,3,4.5700,25.0000,6.6500,7.6900,6.1300,14.2900,20,2,102,1,122,3,3.8500,16.6700,5.9300,5.5600,5.4500,10.0000,100.0000,0.0000,26.8500,66.6700,2026-04-10 00:00:00,US,innerbrightness,2026-04-20 00:22:29.415967,2026-04-20 00:22:29.415967
1457,B0GSHWM86S,B0GKSVSK3P,28,0,643.7200,USD,0.0000,USD,28,0,29,0,75,1,104,1,6.6200,0.0000,5.6600,7.6900,5.9000,4.7600,42,0,106,1,148,1,8.0900,0.0000,6.1600,5.5600,6.6100,3.3300,100.0000,0.0000,26.9200,0.0000,2026-04-10 00:00:00,US,innerbrightness,2026-04-20 00:22:29.415967,2026-04-20 00:22:29.415967
1458,B0GSRJTLWY,B0FNBN38V4,111,1,3328.8900,USD,29.9900,USD,104,1,116,2,310,5,426,7,26.4800,25.0000,23.4100,38.4600,24.1800,33.3300,137,3,403,5,540,8,26.4000,25.0000,23.4300,27.7800,24.1200,26.6700,99.4200,100.0000,26.0600,14.2900,2026-04-10 00:00:00,US,innerbrightness,2026-04-20 00:22:29.415967,2026-04-20 00:22:29.415967
1459,B0GQZ8FRX8,B0GQZ8FRX8,0,0,0.0000,USD,0.0000,USD,0,0,1,0,1,0,2,0,0.2300,0.0000,0.0800,0.0000,0.1100,0.0000,1,0,1,0,2,0,0.1900,0.0000,0.0600,0.0000,0.0900,0.0000,0.0000,0.0000,0.0000,0.0000,2026-04-10 00:00:00,US,innerbrightness,2026-04-20 00:22:29.415967,2026-04-20 00:22:29.415967
1460,B0GGRSXJDL,B0G6L2NQP4,1,0,35.9900,USD,0.0000,USD,1,0,5,0,5,1,10,1,1.1400,0.0000,0.3800,7.6900,0.5700,4.7600,5,0,10,1,15,1,0.9600,0.0000,0.5800,5.5600,0.6700,3.3300,66.6700,100.0000,10.0000,0.0000,2026-04-10 00:00:00,US,innerbrightness,2026-04-20 00:22:29.415967,2026-04-20 00:22:29.415967
1461,B0GSRJTLWY,B0GJ66LHGM,15,0,449.8500,USD,0.0000,USD,14,0,18,1,73,1,91,2,4.1100,12.5000,5.5100,7.6900,5.1600,9.5200,22,1,82,1,104,2,4.2400,8.3300,4.7700,5.5600,4.6400,6.6700,100.0000,0.0000,16.4800,0.0000,2026-04-10 00:00:00,US,innerbrightness,2026-04-20 00:22:29.415967,2026-04-20 00:22:29.415967
1462,B0GTB8S1VY,B0G25Y3DVZ,26,0,636.7400,USD,0.0000,USD,23,0,39,1,97,0,136,1,8.9000,12.5000,7.3300,0.0000,7.7200,4.7600,46,1,132,0,178,1,8.8600,8.3300,7.6700,0.0000,7.9500,3.3300,100.0000,100.0000,19.1200,0.0000,2026-04-10 00:00:00,US,innerbrightness,2026-04-20 00:22:29.415967,2026-04-20 00:22:29.415967
1463,B0GBN5WH6R,B0GBN5WH6R,0,0,0.0000,USD,0.0000,USD,0,0,1,0,0,0,1,0,0.2300,0.0000,0.0000,0.0000,0.0600,0.0000,1,0,0,0,1,0,0.1900,0.0000,0.0000,0.0000,0.0400,0.0000,0.0000,0.0000,0.0000,0.0000,2026-04-10 00:00:00,US,innerbrightness,2026-04-20 00:22:29.415967,2026-04-20 00:22:29.415967
1464,B0GS5J5TRR,B0GJBFKQZC,1,0,23.9900,USD,0.0000,USD,1,0,2,0,3,0,5,0,0.4600,0.0000,0.2300,0.0000,0.2800,0.0000,3,0,3,0,6,0,0.5800,0.0000,0.1700,0.0000,0.2700,0.0000,83.3300,0.0000,20.0000,0.0000,2026-04-10 00:00:00,US,innerbrightness,2026-04-20 00:22:29.415967,2026-04-20 00:22:29.415967
1465,B0GS61KH2Y,B0DKT3PXRP,170,4,3398.3000,USD,79.9600,USD,156,3,123,2,464,2,587,4,28.0800,25.0000,35.0500,15.3800,33.3100,19.0500,147,5,632,5,779,10,28.3200,41.6700,36.7400,27.7800,34.7900,33.3300,99.4600,100.0000,28.9600,100.0000,2026-04-10 00:00:00,US,innerbrightness,2026-04-20 00:22:29.415967,2026-04-20 00:22:29.415967
1466,B0GSRRVKB4,B0FYFK76DM,4,0,83.9600,USD,0.0000,USD,4,0,2,0,7,0,9,0,0.4600,0.0000,0.5300,0.0000,0.5100,0.0000,2,0,7,0,9,0,0.3900,0.0000,0.4100,0.0000,0.4000,0.0000,100.0000,0.0000,44.4400,0.0000,2026-04-10 00:00:00,US,innerbrightness,2026-04-20 00:22:29.415967,2026-04-20 00:22:29.415967
1467,B0GWHWMMYC,B0GWHWMMYC,0,0,0.0000,USD,0.0000,USD,0,0,2,0,0,0,2,0,0.4600,0.0000,0.0000,0.0000,0.1100,0.0000,2,0,0,0,2,0,0.3900,0.0000,0.0000,0.0000,0.0900,0.0000,0.0000,0.0000,0.0000,0.0000,2026-04-10 00:00:00,US,innerbrightness,2026-04-20 00:22:29.415967,2026-04-20 00:22:29.415967
1468,B0GVBPLXSW,B0FYFBZ7W5,16,0,361.4400,USD,0.0000,USD,16,0,16,0,55,1,71,1,3.6500,0.0000,4.1500,7.6900,4.0300,4.7600,18,0,69,1,87,1,3.4700,0.0000,4.0100,5.5600,3.8900,3.3300,93.9800,100.0000,22.5400,0.0000,2026-04-10 00:00:00,US,innerbrightness,2026-04-20 00:22:29.415967,2026-04-20 00:22:29.415967
1469,B0GS61KH2Y,B0DN5QQLB6,35,0,979.6500,USD,0.0000,USD,32,0,17,0,68,1,85,1,3.8800,0.0000,5.1400,7.6900,4.8200,4.7600,18,0,78,3,96,3,3.4700,0.0000,4.5300,16.6700,4.2900,10.0000,100.0000,100.0000,41.1800,0.0000,2026-04-10 00:00:00,US,innerbrightness,2026-04-20 00:22:29.415967,2026-04-20 00:22:29.415967
1573,B0GGRSXJDL,B0G6L2NQP4,1,0,35.9900,USD,0.0000,USD,1,0,4,0,6,0,10,0,0.7600,0.0000,0.3500,0.0000,0.4400,0.0000,4,0,8,0,12,0,0.5800,0.0000,0.3600,0.0000,0.4100,0.0000,91.6700,0.0000,10.0000,0.0000,2026-04-17 00:00:00,US,innerbrightness,2026-04-20 00:22:33.948575,2026-04-20 00:22:33.948575
1574,B0GSRJTLWY,B0GJ66LHGM,7,0,209.9300,USD,0.0000,USD,6,0,10,1,35,0,45,1,1.8900,7.6900,2.0200,0.0000,1.9900,3.3300,11,1,41,0,52,1,1.6100,6.6700,1.8300,0.0000,1.7800,2.5600,100.0000,100.0000,15.5600,0.0000,2026-04-17 00:00:00,US,innerbrightness,2026-04-20 00:22:33.948575,2026-04-20 00:22:33.948575
1575,B0GTB8S1VY,B0G25Y3DVZ,34,1,832.6600,USD,24.4900,USD,30,1,34,1,82,3,116,4,6.4300,7.6900,4.7200,17.6500,5.1200,13.3300,54,1,125,7,179,8,7.8800,6.6700,5.5800,29.1700,6.1200,20.5100,100.0000,100.0000,29.3100,25.0000,2026-04-17 00:00:00,US,innerbrightness,2026-04-20 00:22:33.948575,2026-04-20 00:22:33.948575
1576,B0GS5J5TRR,B0GJBFKQZC,16,0,326.2400,USD,0.0000,USD,16,0,8,0,56,1,64,1,1.5100,0.0000,3.2300,5.8800,2.8300,3.3300,8,0,64,1,72,1,1.1700,0.0000,2.8500,4.1700,2.4600,2.5600,100.0000,0.0000,25.0000,0.0000,2026-04-17 00:00:00,US,innerbrightness,2026-04-20 00:22:33.948575,2026-04-20 00:22:33.948575
1577,B0GS61KH2Y,B0DKT3PXRP,268,2,3749.3200,USD,27.9800,USD,246,2,189,5,676,3,865,8,35.7300,38.4600,38.9400,17.6500,38.1900,26.6700,259,6,851,3,1110,9,37.8100,40.0000,37.9600,12.5000,37.9200,23.0800,98.5600,100.0000,30.9800,25.0000,2026-04-17 00:00:00,US,innerbrightness,2026-04-20 00:22:33.948575,2026-04-20 00:22:33.948575
1578,B0GSRJTLWY,B0GL11MTZM,15,0,449.8500,USD,0.0000,USD,15,0,10,0,41,0,51,0,1.8900,0.0000,2.3600,0.0000,2.2500,0.0000,10,0,58,0,68,0,1.4600,0.0000,2.5900,0.0000,2.3200,0.0000,100.0000,0.0000,29.4100,0.0000,2026-04-17 00:00:00,US,innerbrightness,2026-04-20 00:22:33.948575,2026-04-20 00:22:33.948575
1579,B0GSRRVKB4,B0FYFK76DM,5,0,99.9500,USD,0.0000,USD,5,0,1,0,5,1,6,1,0.1900,0.0000,0.2900,5.8800,0.2600,3.3300,1,0,7,1,8,1,0.1500,0.0000,0.3100,4.1700,0.2700,2.5600,100.0000,0.0000,83.3300,0.0000,2026-04-17 00:00:00,US,innerbrightness,2026-04-20 00:22:33.948575,2026-04-20 00:22:33.948575
1470,B0GBNWRHVX,B0GBNWRHVX,0,0,0.0000,USD,0.0000,USD,0,0,1,0,5,0,6,0,0.2600,0.0000,0.3800,0.0000,0.3500,0.0000,1,0,5,0,6,0,0.2100,0.0000,0.2900,0.0000,0.2700,0.0000,50.0000,0.0000,0.0000,0.0000,2026-04-11 00:00:00,US,innerbrightness,2026-04-20 00:22:30.041527,2026-04-20 00:22:30.041527
1471,B0GS61KH2Y,B0G26383JK,31,0,743.6900,USD,0.0000,USD,29,0,37,1,125,1,162,2,9.6100,11.1100,9.4300,9.0900,9.4700,10.0000,47,1,161,1,208,2,9.7700,10.0000,9.3400,8.3300,9.4400,9.0900,96.9200,0.0000,19.1400,0.0000,2026-04-11 00:00:00,US,innerbrightness,2026-04-20 00:22:30.041527,2026-04-20 00:22:30.041527
1472,B0GSRJTLWY,B0FNBYKPZT,34,0,1019.6600,USD,0.0000,USD,33,0,19,0,79,0,98,0,4.9400,0.0000,5.9600,0.0000,5.7300,0.0000,23,0,100,0,123,0,4.7800,0.0000,5.8000,0.0000,5.5800,0.0000,100.0000,0.0000,34.6900,0.0000,2026-04-11 00:00:00,US,innerbrightness,2026-04-20 00:22:30.041527,2026-04-20 00:22:30.041527
1473,B0GSHWM86S,B0GKSVSK3P,25,0,574.7500,USD,0.0000,USD,25,0,39,0,91,1,130,1,10.1300,0.0000,6.8600,9.0900,7.6000,5.0000,46,0,126,1,172,1,9.5600,0.0000,7.3100,8.3300,7.8000,4.5500,100.0000,0.0000,19.2300,0.0000,2026-04-11 00:00:00,US,innerbrightness,2026-04-20 00:22:30.041527,2026-04-20 00:22:30.041527
1474,B0GSRJTLWY,B0FNBN38V4,86,1,2579.1400,USD,29.9900,USD,84,1,89,3,279,1,368,4,23.1200,33.3300,21.0400,9.0900,21.5100,20.0000,115,3,363,1,478,4,23.9100,30.0000,21.0700,8.3300,21.6900,18.1800,100.0000,100.0000,23.3700,25.0000,2026-04-11 00:00:00,US,innerbrightness,2026-04-20 00:22:30.041527,2026-04-20 00:22:30.041527
1475,B0GGRSXJDL,B0G6L2NQP4,3,0,107.9700,USD,0.0000,USD,3,0,1,0,7,0,8,0,0.2600,0.0000,0.5300,0.0000,0.4700,0.0000,1,0,10,0,11,0,0.2100,0.0000,0.5800,0.0000,0.5000,0.0000,100.0000,0.0000,37.5000,0.0000,2026-04-11 00:00:00,US,innerbrightness,2026-04-20 00:22:30.041527,2026-04-20 00:22:30.041527
1476,B0GSRJTLWY,B0GJ66LHGM,12,0,359.8800,USD,0.0000,USD,12,0,22,0,71,0,93,0,5.7100,0.0000,5.3500,0.0000,5.4400,0.0000,25,0,81,0,106,0,5.2000,0.0000,4.7000,0.0000,4.8100,0.0000,100.0000,0.0000,12.9000,0.0000,2026-04-11 00:00:00,US,innerbrightness,2026-04-20 00:22:30.041527,2026-04-20 00:22:30.041527
1477,B0GTB8S1VY,B0G25Y3DVZ,31,1,759.1900,USD,24.4900,USD,27,1,30,1,83,1,113,2,7.7900,11.1100,6.2600,9.0900,6.6000,10.0000,42,2,107,1,149,3,8.7300,20.0000,6.2100,8.3300,6.7600,13.6400,99.2700,100.0000,27.4300,50.0000,2026-04-11 00:00:00,US,innerbrightness,2026-04-20 00:22:30.041527,2026-04-20 00:22:30.041527
1478,B0GL11MTZM,B0GL11MTZM,0,0,0.0000,USD,0.0000,USD,0,0,0,0,1,0,1,0,0.0000,0.0000,0.0800,0.0000,0.0600,0.0000,0,0,1,0,1,0,0.0000,0.0000,0.0600,0.0000,0.0500,0.0000,100.0000,0.0000,0.0000,0.0000,2026-04-11 00:00:00,US,innerbrightness,2026-04-20 00:22:30.041527,2026-04-20 00:22:30.041527
1479,B0GBN5WH6R,B0GBN5WH6R,0,0,0.0000,USD,0.0000,USD,0,0,0,0,1,0,1,0,0.0000,0.0000,0.0800,0.0000,0.0600,0.0000,0,0,1,0,1,0,0.0000,0.0000,0.0600,0.0000,0.0500,0.0000,0.0000,0.0000,0.0000,0.0000,2026-04-11 00:00:00,US,innerbrightness,2026-04-20 00:22:30.041527,2026-04-20 00:22:30.041527
1480,B0GS5J5TRR,B0GJBFKQZC,1,0,23.9900,USD,0.0000,USD,1,0,2,0,5,0,7,0,0.5200,0.0000,0.3800,0.0000,0.4100,0.0000,3,0,5,0,8,0,0.6200,0.0000,0.2900,0.0000,0.3600,0.0000,100.0000,0.0000,14.2900,0.0000,2026-04-11 00:00:00,US,innerbrightness,2026-04-20 00:22:30.041527,2026-04-20 00:22:30.041527
1481,B0GS61KH2Y,B0DKT3PXRP,150,2,2998.5000,USD,39.9800,USD,137,1,115,3,438,6,553,9,29.8700,33.3300,33.0300,54.5500,32.3200,45.0000,141,3,563,7,704,10,29.3100,30.0000,32.6800,58.3300,31.9400,45.4500,99.3900,100.0000,27.1200,22.2200,2026-04-11 00:00:00,US,innerbrightness,2026-04-20 00:22:30.041527,2026-04-20 00:22:30.041527
1482,B0GSRRVKB4,B0FYFK76DM,2,0,41.9800,USD,0.0000,USD,2,0,0,0,2,0,2,0,0.0000,0.0000,0.1500,0.0000,0.1200,0.0000,0,0,3,0,3,0,0.0000,0.0000,0.1700,0.0000,0.1400,0.0000,100.0000,0.0000,100.0000,0.0000,2026-04-11 00:00:00,US,innerbrightness,2026-04-20 00:22:30.041527,2026-04-20 00:22:30.041527
1483,B0GWHWMMYC,B0GWHWMMYC,0,0,0.0000,USD,0.0000,USD,0,0,4,0,3,0,7,0,1.0400,0.0000,0.2300,0.0000,0.4100,0.0000,5,0,3,0,8,0,1.0400,0.0000,0.1700,0.0000,0.3600,0.0000,12.5000,0.0000,0.0000,0.0000,2026-04-11 00:00:00,US,innerbrightness,2026-04-20 00:22:30.041527,2026-04-20 00:22:30.041527
1484,B0GVBPLXSW,B0FYFBZ7W5,13,0,293.6700,USD,0.0000,USD,13,0,9,1,68,0,77,1,2.3400,11.1100,5.1300,0.0000,4.5000,5.0000,11,1,96,0,107,1,2.2900,10.0000,5.5700,0.0000,4.8500,4.5500,100.0000,100.0000,16.8800,0.0000,2026-04-11 00:00:00,US,innerbrightness,2026-04-20 00:22:30.041527,2026-04-20 00:22:30.041527
1485,B0GS61KH2Y,B0DN5QQLB6,18,0,503.8200,USD,0.0000,USD,18,0,17,0,68,1,85,1,4.4200,0.0000,5.1300,9.0900,4.9700,5.0000,21,0,98,1,119,1,4.3700,0.0000,5.6900,8.3300,5.4000,4.5500,100.0000,100.0000,21.1800,0.0000,2026-04-11 00:00:00,US,innerbrightness,2026-04-20 00:22:30.041527,2026-04-20 00:22:30.041527
1580,B0GWHWMMYC,B0GWHWMMYC,0,0,0.0000,USD,0.0000,USD,0,0,3,0,1,0,4,0,0.5700,0.0000,0.0600,0.0000,0.1800,0.0000,3,0,1,0,4,0,0.4400,0.0000,0.0400,0.0000,0.1400,0.0000,0.0000,0.0000,0.0000,0.0000,2026-04-17 00:00:00,US,innerbrightness,2026-04-20 00:22:33.948575,2026-04-20 00:22:33.948575
1581,B0GVBPLXSW,B0FYFBZ7W5,26,0,587.3400,USD,0.0000,USD,21,0,17,1,62,1,79,2,3.2100,7.6900,3.5700,5.8800,3.4900,6.6700,18,1,88,1,106,2,2.6300,6.6700,3.9300,4.1700,3.6200,5.1300,99.0200,100.0000,32.9100,0.0000,2026-04-17 00:00:00,US,innerbrightness,2026-04-20 00:22:33.948575,2026-04-20 00:22:33.948575
1486,B0GBNWRHVX,B0GBNWRHVX,0,0,0.0000,USD,0.0000,USD,0,0,1,0,3,0,4,0,0.1700,0.0000,0.1900,0.0000,0.1900,0.0000,2,0,3,0,5,0,0.2700,0.0000,0.1500,0.0000,0.1800,0.0000,20.0000,0.0000,0.0000,0.0000,2026-04-12 00:00:00,US,innerbrightness,2026-04-20 00:22:30.678734,2026-04-20 00:22:30.678734
1487,B0GS61KH2Y,B0G26383JK,28,0,671.7200,USD,0.0000,USD,28,0,42,0,124,1,166,1,7.2300,0.0000,7.9700,5.8800,7.7700,3.4500,49,0,155,2,204,2,6.7200,0.0000,7.6600,10.0000,7.4100,5.8800,97.4200,0.0000,16.8700,0.0000,2026-04-12 00:00:00,US,innerbrightness,2026-04-20 00:22:30.678734,2026-04-20 00:22:30.678734
1488,B0GSRJTLWY,B0FNBYKPZT,36,1,1079.6400,USD,29.9900,USD,36,1,34,0,88,1,122,1,5.8500,0.0000,5.6600,5.8800,5.7100,3.4500,37,0,105,1,142,1,5.0800,0.0000,5.1900,5.0000,5.1600,2.9400,100.0000,100.0000,29.5100,100.0000,2026-04-12 00:00:00,US,innerbrightness,2026-04-20 00:22:30.678734,2026-04-20 00:22:30.678734
1489,B0GSHWM86S,B0GKSVSK3P,19,0,436.8100,USD,0.0000,USD,19,0,38,2,76,0,114,2,6.5400,16.6700,4.8800,0.0000,5.3300,6.9000,49,3,103,0,152,3,6.7200,21.4300,5.0900,0.0000,5.5200,8.8200,100.0000,100.0000,16.6700,0.0000,2026-04-12 00:00:00,US,innerbrightness,2026-04-20 00:22:30.678734,2026-04-20 00:22:30.678734
1490,B0GSRJTLWY,B0FNBN38V4,112,2,3358.8800,USD,59.9800,USD,111,2,134,2,346,6,480,8,23.0600,16.6700,22.2400,35.2900,22.4600,27.5900,170,3,449,7,619,10,23.3200,21.4300,22.1800,35.0000,22.4800,29.4100,99.4900,100.0000,23.3300,25.0000,2026-04-12 00:00:00,US,innerbrightness,2026-04-20 00:22:30.678734,2026-04-20 00:22:30.678734
1491,B0GGRSXJDL,B0G6L2NQP4,0,0,0.0000,USD,0.0000,USD,0,0,4,0,3,1,7,1,0.6900,0.0000,0.1900,5.8800,0.3300,3.4500,5,0,4,2,9,2,0.6900,0.0000,0.2000,10.0000,0.3300,5.8800,75.0000,100.0000,0.0000,0.0000,2026-04-12 00:00:00,US,innerbrightness,2026-04-20 00:22:30.678734,2026-04-20 00:22:30.678734
1492,B0GSRJTLWY,B0GJ66LHGM,20,1,599.8000,USD,29.9900,USD,20,1,21,1,72,2,93,3,3.6100,8.3300,4.6300,11.7600,4.3500,10.3400,25,1,85,2,110,3,3.4300,7.1400,4.2000,10.0000,4.0000,8.8200,100.0000,100.0000,21.5100,33.3300,2026-04-12 00:00:00,US,innerbrightness,2026-04-20 00:22:30.678734,2026-04-20 00:22:30.678734
1493,B0GTB8S1VY,B0G25Y3DVZ,34,0,833.1600,USD,0.0000,USD,31,0,28,0,70,1,98,1,4.8200,0.0000,4.5000,5.8800,4.5900,3.4500,29,0,94,1,123,1,3.9800,0.0000,4.6400,5.0000,4.4700,2.9400,100.0000,0.0000,34.6900,0.0000,2026-04-12 00:00:00,US,innerbrightness,2026-04-20 00:22:30.678734,2026-04-20 00:22:30.678734
1494,B0GL11MTZM,B0GL11MTZM,0,0,0.0000,USD,0.0000,USD,0,0,1,0,0,0,1,0,0.1700,0.0000,0.0000,0.0000,0.0500,0.0000,1,0,0,0,1,0,0.1400,0.0000,0.0000,0.0000,0.0400,0.0000,100.0000,0.0000,0.0000,0.0000,2026-04-12 00:00:00,US,innerbrightness,2026-04-20 00:22:30.678734,2026-04-20 00:22:30.678734
1495,B0GBN5WH6R,B0GBN5WH6R,0,0,0.0000,USD,0.0000,USD,0,0,0,0,1,0,1,0,0.0000,0.0000,0.0600,0.0000,0.0500,0.0000,0,0,1,0,1,0,0.0000,0.0000,0.0500,0.0000,0.0400,0.0000,0.0000,0.0000,0.0000,0.0000,2026-04-12 00:00:00,US,innerbrightness,2026-04-20 00:22:30.678734,2026-04-20 00:22:30.678734
1496,B0GS5J5TRR,B0GJBFKQZC,1,0,23.9900,USD,0.0000,USD,1,0,4,0,6,0,10,0,0.6900,0.0000,0.3900,0.0000,0.4700,0.0000,5,0,9,0,14,0,0.6900,0.0000,0.4400,0.0000,0.5100,0.0000,100.0000,0.0000,10.0000,0.0000,2026-04-12 00:00:00,US,innerbrightness,2026-04-20 00:22:30.678734,2026-04-20 00:22:30.678734
1497,B0GS61KH2Y,B0DKT3PXRP,231,1,4617.6900,USD,19.9900,USD,221,1,129,4,609,5,738,9,22.2000,33.3300,39.1400,29.4100,34.5300,31.0300,178,4,809,5,987,9,24.4200,28.5700,39.9700,25.0000,35.8500,26.4700,99.8900,100.0000,31.3000,11.1100,2026-04-12 00:00:00,US,innerbrightness,2026-04-20 00:22:30.678734,2026-04-20 00:22:30.678734
1498,B0GSRRVKB4,B0FYFK76DM,3,0,62.9700,USD,0.0000,USD,3,0,4,0,3,0,7,0,0.6900,0.0000,0.1900,0.0000,0.3300,0.0000,4,0,3,0,7,0,0.5500,0.0000,0.1500,0.0000,0.2500,0.0000,100.0000,0.0000,42.8600,0.0000,2026-04-12 00:00:00,US,innerbrightness,2026-04-20 00:22:30.678734,2026-04-20 00:22:30.678734
1499,B0GWHWMMYC,B0GWHWMMYC,0,0,0.0000,USD,0.0000,USD,0,0,0,0,2,0,2,0,0.0000,0.0000,0.1300,0.0000,0.0900,0.0000,0,0,2,0,2,0,0.0000,0.0000,0.1000,0.0000,0.0700,0.0000,0.0000,0.0000,0.0000,0.0000,2026-04-12 00:00:00,US,innerbrightness,2026-04-20 00:22:30.678734,2026-04-20 00:22:30.678734
1500,B0GVBPLXSW,B0FYFBZ7W5,18,0,406.6200,USD,0.0000,USD,18,0,114,1,52,0,166,1,19.6200,8.3300,3.3400,0.0000,7.7700,3.4500,135,1,65,0,200,1,18.5200,7.1400,3.2100,0.0000,7.2600,2.9400,64.5800,100.0000,10.8400,0.0000,2026-04-12 00:00:00,US,innerbrightness,2026-04-20 00:22:30.678734,2026-04-20 00:22:30.678734
1156,B0GBNWRHVX,B0GBNWRHVX,0,0,0.0000,USD,0.0000,USD,0,0,0,0,5,0,5,0,0.0000,0.0000,0.4200,0.0000,0.3300,0.0000,0,0,7,0,7,0,0.0000,0.0000,0.4500,0.0000,0.3500,0.0000,66.6700,0.0000,0.0000,0.0000,2026-04-04 00:00:00,US,innerbrightness,2026-04-19 00:17:27.214605,2026-04-19 00:17:27.214605
1157,B0GS61KH2Y,B0G26383JK,20,0,479.8000,USD,0.0000,USD,20,0,20,0,62,0,82,0,5.9300,0.0000,5.2100,0.0000,5.3700,0.0000,25,0,80,0,105,0,5.7900,0.0000,5.1600,0.0000,5.3000,0.0000,99.0000,0.0000,24.3900,0.0000,2026-04-04 00:00:00,US,innerbrightness,2026-04-19 00:17:27.214605,2026-04-19 00:17:27.214605
1158,B0GSRJTLWY,B0FNBYKPZT,30,0,899.7000,USD,0.0000,USD,30,0,23,0,87,1,110,1,6.8200,0.0000,7.3200,8.3300,7.2100,5.0000,29,0,111,2,140,2,6.7100,0.0000,7.1600,11.7600,7.0600,8.0000,100.0000,0.0000,27.2700,0.0000,2026-04-04 00:00:00,US,innerbrightness,2026-04-19 00:17:27.214605,2026-04-19 00:17:27.214605
1159,B0GSHWM86S,B0GKSVSK3P,11,0,252.8900,USD,0.0000,USD,11,0,25,0,56,0,81,0,7.4200,0.0000,4.7100,0.0000,5.3100,0.0000,31,0,65,0,96,0,7.1800,0.0000,4.1900,0.0000,4.8400,0.0000,100.0000,0.0000,13.5800,0.0000,2026-04-04 00:00:00,US,innerbrightness,2026-04-19 00:17:27.214605,2026-04-19 00:17:27.214605
1160,B0GSRJTLWY,B0FNBN38V4,92,0,2759.0800,USD,0.0000,USD,90,0,88,2,276,5,364,7,26.1100,25.0000,23.2100,41.6700,23.8500,35.0000,111,2,367,6,478,8,25.6900,25.0000,23.6800,35.2900,24.1200,32.0000,99.5600,0.0000,25.2700,0.0000,2026-04-04 00:00:00,US,innerbrightness,2026-04-19 00:17:27.214605,2026-04-19 00:17:27.214605
1161,B0GGRSXJDL,B0G6L2NQP4,1,0,35.9900,USD,0.0000,USD,1,0,3,1,6,2,9,3,0.8900,12.5000,0.5000,16.6700,0.5900,15.0000,4,1,6,2,10,3,0.9300,12.5000,0.3900,11.7600,0.5000,12.0000,90.0000,100.0000,11.1100,0.0000,2026-04-04 00:00:00,US,innerbrightness,2026-04-19 00:17:27.214605,2026-04-19 00:17:27.214605
1162,B0GSRJTLWY,B0GJ66LHGM,11,0,329.8900,USD,0.0000,USD,11,0,13,0,51,0,64,0,3.8600,0.0000,4.2900,0.0000,4.1900,0.0000,17,0,58,0,75,0,3.9400,0.0000,3.7400,0.0000,3.7800,0.0000,100.0000,0.0000,17.1900,0.0000,2026-04-04 00:00:00,US,innerbrightness,2026-04-19 00:17:27.214605,2026-04-19 00:17:27.214605
1163,B0GTB8S1VY,B0G25Y3DVZ,34,3,747.6600,USD,65.9700,USD,30,2,37,2,97,1,134,3,10.9800,25.0000,8.1600,8.3300,8.7800,15.0000,48,2,141,1,189,3,11.1100,25.0000,9.1000,5.8800,9.5400,12.0000,99.4200,100.0000,25.3700,100.0000,2026-04-04 00:00:00,US,innerbrightness,2026-04-19 00:17:27.214605,2026-04-19 00:17:27.214605
1164,B0GBN5WH6R,B0GBN5WH6R,0,0,0.0000,USD,0.0000,USD,0,0,0,0,1,0,1,0,0.0000,0.0000,0.0800,0.0000,0.0700,0.0000,0,0,1,0,1,0,0.0000,0.0000,0.0600,0.0000,0.0500,0.0000,100.0000,0.0000,0.0000,0.0000,2026-04-04 00:00:00,US,innerbrightness,2026-04-19 00:17:27.214605,2026-04-19 00:17:27.214605
1165,B0GS5J5TRR,B0GJBFKQZC,0,0,0.0000,USD,0.0000,USD,0,0,1,0,11,0,12,0,0.3000,0.0000,0.9300,0.0000,0.7900,0.0000,1,0,12,0,13,0,0.2300,0.0000,0.7700,0.0000,0.6600,0.0000,100.0000,0.0000,0.0000,0.0000,2026-04-04 00:00:00,US,innerbrightness,2026-04-19 00:17:27.214605,2026-04-19 00:17:27.214605
1166,B0GS61KH2Y,B0DKT3PXRP,121,1,2418.7900,USD,19.9900,USD,119,1,98,2,429,2,527,4,29.0800,25.0000,36.0800,16.6700,34.5300,20.0000,133,2,566,4,699,6,30.7900,25.0000,36.5200,23.5300,35.2700,24.0000,99.5500,100.0000,22.9600,25.0000,2026-04-04 00:00:00,US,innerbrightness,2026-04-19 00:17:27.214605,2026-04-19 00:17:27.214605
1167,B0GQZ6FCJB,B0GQZ6FCJB,0,0,0.0000,USD,0.0000,USD,0,0,0,0,1,0,1,0,0.0000,0.0000,0.0800,0.0000,0.0700,0.0000,0,0,1,0,1,0,0.0000,0.0000,0.0600,0.0000,0.0500,0.0000,100.0000,0.0000,0.0000,0.0000,2026-04-04 00:00:00,US,innerbrightness,2026-04-19 00:17:27.214605,2026-04-19 00:17:27.214605
1168,B0GSRRVKB4,B0FYFK76DM,3,0,62.9700,USD,0.0000,USD,3,0,2,0,6,0,8,0,0.5900,0.0000,0.5000,0.0000,0.5200,0.0000,2,0,6,0,8,0,0.4600,0.0000,0.3900,0.0000,0.4000,0.0000,100.0000,0.0000,37.5000,0.0000,2026-04-04 00:00:00,US,innerbrightness,2026-04-19 00:17:27.214605,2026-04-19 00:17:27.214605
1169,B0GVBPLXSW,B0FYFBZ7W5,11,0,248.4900,USD,0.0000,USD,11,0,8,1,37,1,45,2,2.3700,12.5000,3.1100,8.3300,2.9500,10.0000,9,1,46,2,55,3,2.0800,12.5000,2.9700,11.7600,2.7700,12.0000,98.0400,100.0000,24.4400,0.0000,2026-04-04 00:00:00,US,innerbrightness,2026-04-19 00:17:27.214605,2026-04-19 00:17:27.214605
1170,B0GS61KH2Y,B0DN5QQLB6,31,0,836.6900,USD,0.0000,USD,31,0,19,0,64,0,83,0,5.6400,0.0000,5.3800,0.0000,5.4400,0.0000,22,0,83,0,105,0,5.0900,0.0000,5.3500,0.0000,5.3000,0.0000,100.0000,0.0000,37.3500,0.0000,2026-04-04 00:00:00,US,innerbrightness,2026-04-19 00:17:27.214605,2026-04-19 00:17:27.214605
1501,B0GS61KH2Y,B0DN5QQLB6,40,1,1119.6000,USD,27.9900,USD,39,1,27,2,101,0,128,2,4.6500,16.6700,6.4900,0.0000,5.9900,6.9000,40,2,137,0,177,2,5.4900,14.2900,6.7700,0.0000,6.4300,5.8800,98.8200,100.0000,31.2500,50.0000,2026-04-12 00:00:00,US,innerbrightness,2026-04-20 00:22:30.678734,2026-04-20 00:22:30.678734
1582,B0GS61KH2Y,B0DN5QQLB6,33,0,824.3400,USD,0.0000,USD,33,0,22,0,105,0,127,0,4.1600,0.0000,6.0500,0.0000,5.6100,0.0000,26,0,131,0,157,0,3.8000,0.0000,5.8400,0.0000,5.3600,0.0000,99.3200,0.0000,25.9800,0.0000,2026-04-17 00:00:00,US,innerbrightness,2026-04-20 00:22:33.948575,2026-04-20 00:22:33.948575
1502,B0GBNWRHVX,B0GBNWRHVX,0,0,0.0000,USD,0.0000,USD,0,0,0,0,2,0,2,0,0.0000,0.0000,0.1100,0.0000,0.0800,0.0000,0,0,2,0,2,0,0.0000,0.0000,0.0900,0.0000,0.0600,0.0000,0.0000,0.0000,0.0000,0.0000,2026-04-13 00:00:00,US,innerbrightness,2026-04-20 00:22:31.266296,2026-04-20 00:22:31.266296
1503,B0GS61KH2Y,B0G26383JK,66,0,1107.4800,USD,0.0000,USD,61,0,59,1,257,2,316,3,9.3200,8.3300,14.2100,10.0000,12.9400,9.3800,73,1,337,2,410,3,8.8500,7.6900,14.4800,7.4100,13.0000,7.5000,99.2300,100.0000,20.8900,0.0000,2026-04-13 00:00:00,US,innerbrightness,2026-04-20 00:22:31.266296,2026-04-20 00:22:31.266296
1504,B0GSRJTLWY,B0FNBYKPZT,38,0,1139.6200,USD,0.0000,USD,37,0,42,2,86,2,128,4,6.6400,16.6700,4.7500,10.0000,5.2400,12.5000,47,2,99,3,146,5,5.7000,15.3800,4.2500,11.1100,4.6300,12.5000,100.0000,100.0000,29.6900,0.0000,2026-04-13 00:00:00,US,innerbrightness,2026-04-20 00:22:31.266296,2026-04-20 00:22:31.266296
1505,B0GSHWM86S,B0GKSVSK3P,41,1,801.1400,USD,19.5400,USD,40,1,49,0,128,2,177,2,7.7400,0.0000,7.0800,10.0000,7.2500,6.2500,78,0,174,6,252,6,9.4500,0.0000,7.4700,22.2200,7.9900,15.0000,100.0000,0.0000,23.1600,50.0000,2026-04-13 00:00:00,US,innerbrightness,2026-04-20 00:22:31.266296,2026-04-20 00:22:31.266296
1506,B0GSRJTLWY,B0FNBN38V4,107,4,3208.9300,USD,119.9600,USD,104,3,146,4,342,5,488,9,23.0600,33.3300,18.9100,25.0000,19.9800,28.1300,199,5,426,6,625,11,24.1200,38.4600,18.3000,22.2200,19.8200,27.5000,99.6600,100.0000,21.9300,44.4400,2026-04-13 00:00:00,US,innerbrightness,2026-04-20 00:22:31.266296,2026-04-20 00:22:31.266296
1507,B0GQZ8FRX8,B0GQZ8FRX8,30,0,599.7000,USD,0.0000,USD,30,0,20,1,8,0,28,1,3.1600,8.3300,0.4400,0.0000,1.1500,3.1300,26,1,10,0,36,1,3.1500,7.6900,0.4300,0.0000,1.1400,2.5000,97.1400,100.0000,107.1400,0.0000,2026-04-13 00:00:00,US,innerbrightness,2026-04-20 00:22:31.266296,2026-04-20 00:22:31.266296
1508,B0GGRSXJDL,B0G6L2NQP4,0,0,0.0000,USD,0.0000,USD,0,0,1,0,3,0,4,0,0.1600,0.0000,0.1700,0.0000,0.1600,0.0000,2,0,3,0,5,0,0.2400,0.0000,0.1300,0.0000,0.1600,0.0000,100.0000,0.0000,0.0000,0.0000,2026-04-13 00:00:00,US,innerbrightness,2026-04-20 00:22:31.266296,2026-04-20 00:22:31.266296
1509,B0GSRJTLWY,B0GJ66LHGM,11,1,329.8900,USD,29.9900,USD,11,1,19,1,45,1,64,2,3.0000,8.3300,2.4900,5.0000,2.6200,6.2500,20,1,54,1,74,2,2.4200,7.6900,2.3200,3.7000,2.3500,5.0000,100.0000,0.0000,17.1900,50.0000,2026-04-13 00:00:00,US,innerbrightness,2026-04-20 00:22:31.266296,2026-04-20 00:22:31.266296
1510,B0GTB8S1VY,B0G25Y3DVZ,22,0,538.7800,USD,0.0000,USD,21,0,26,0,71,1,97,1,4.1100,0.0000,3.9200,5.0000,3.9700,3.1300,35,0,98,2,133,2,4.2400,0.0000,4.2100,7.4100,4.2200,5.0000,100.0000,100.0000,22.6800,0.0000,2026-04-13 00:00:00,US,innerbrightness,2026-04-20 00:22:31.266296,2026-04-20 00:22:31.266296
1511,B0GL11MTZM,B0GL11MTZM,0,0,0.0000,USD,0.0000,USD,0,0,4,0,3,0,7,0,0.6300,0.0000,0.1700,0.0000,0.2900,0.0000,4,0,3,0,7,0,0.4800,0.0000,0.1300,0.0000,0.2200,0.0000,100.0000,0.0000,0.0000,0.0000,2026-04-13 00:00:00,US,innerbrightness,2026-04-20 00:22:31.266296,2026-04-20 00:22:31.266296
1512,B0GBN5WH6R,B0GBN5WH6R,0,0,0.0000,USD,0.0000,USD,0,0,1,0,0,0,1,0,0.1600,0.0000,0.0000,0.0000,0.0400,0.0000,1,0,0,0,1,0,0.1200,0.0000,0.0000,0.0000,0.0300,0.0000,0.0000,0.0000,0.0000,0.0000,2026-04-13 00:00:00,US,innerbrightness,2026-04-20 00:22:31.266296,2026-04-20 00:22:31.266296
1513,B0GS5J5TRR,B0GJBFKQZC,7,0,151.1300,USD,0.0000,USD,7,0,27,0,76,0,103,0,4.2700,0.0000,4.2000,0.0000,4.2200,0.0000,33,0,85,0,118,0,4.0000,0.0000,3.6500,0.0000,3.7400,0.0000,96.4000,0.0000,6.8000,0.0000,2026-04-13 00:00:00,US,innerbrightness,2026-04-20 00:22:31.266296,2026-04-20 00:22:31.266296
1514,B0GS61KH2Y,B0DKT3PXRP,282,3,3945.1800,USD,41.9700,USD,254,2,163,1,617,4,780,5,25.7500,8.3300,34.1100,20.0000,31.9400,15.6300,216,1,814,4,1030,5,26.1800,7.6900,34.9700,14.8100,32.6700,12.5000,99.8000,100.0000,36.1500,60.0000,2026-04-13 00:00:00,US,innerbrightness,2026-04-20 00:22:31.266296,2026-04-20 00:22:31.266296
1515,B0GSRRVKB4,B0FYFK76DM,2,0,39.9800,USD,0.0000,USD,2,0,0,0,4,0,4,0,0.0000,0.0000,0.2200,0.0000,0.1600,0.0000,0,0,4,0,4,0,0.0000,0.0000,0.1700,0.0000,0.1300,0.0000,100.0000,0.0000,50.0000,0.0000,2026-04-13 00:00:00,US,innerbrightness,2026-04-20 00:22:31.266296,2026-04-20 00:22:31.266296
1516,B0GWHWMMYC,B0GWHWMMYC,0,0,0.0000,USD,0.0000,USD,0,0,3,0,3,0,6,0,0.4700,0.0000,0.1700,0.0000,0.2500,0.0000,5,0,3,0,8,0,0.6100,0.0000,0.1300,0.0000,0.2500,0.0000,25.0000,0.0000,0.0000,0.0000,2026-04-13 00:00:00,US,innerbrightness,2026-04-20 00:22:31.266296,2026-04-20 00:22:31.266296
1517,B0GVBPLXSW,B0FYFBZ7W5,7,0,158.1300,USD,0.0000,USD,7,0,42,0,64,1,106,1,6.6400,0.0000,3.5400,5.0000,4.3400,3.1300,44,0,87,1,131,1,5.3300,0.0000,3.7400,3.7000,4.1500,2.5000,86.2900,0.0000,6.6000,0.0000,2026-04-13 00:00:00,US,innerbrightness,2026-04-20 00:22:31.266296,2026-04-20 00:22:31.266296
1518,B0GS61KH2Y,B0DN5QQLB6,41,0,1024.1800,USD,0.0000,USD,40,0,31,2,100,2,131,4,4.9000,16.6700,5.5300,10.0000,5.3600,12.5000,42,2,129,2,171,4,5.0900,15.3800,5.5400,7.4100,5.4200,10.0000,100.0000,100.0000,31.3000,0.0000,2026-04-13 00:00:00,US,innerbrightness,2026-04-20 00:22:31.266296,2026-04-20 00:22:31.266296
1519,B0GBNWRHVX,B0GBNWRHVX,0,0,0.0000,USD,0.0000,USD,0,0,0,0,1,0,1,0,0.0000,0.0000,0.0600,0.0000,0.0400,0.0000,0,0,1,0,1,0,0.0000,0.0000,0.0500,0.0000,0.0300,0.0000,0.0000,0.0000,0.0000,0.0000,2026-04-14 00:00:00,US,innerbrightness,2026-04-20 00:22:31.899432,2026-04-20 00:22:31.899432
1520,B0GS61KH2Y,B0G26383JK,33,0,553.7400,USD,0.0000,USD,32,0,44,1,181,1,225,2,7.8600,5.0000,10.5600,6.2500,9.8900,5.5600,50,1,229,1,279,2,7.1600,4.0000,10.4600,4.3500,9.6600,4.1700,98.8800,100.0000,14.6700,0.0000,2026-04-14 00:00:00,US,innerbrightness,2026-04-20 00:22:31.899432,2026-04-20 00:22:31.899432
1521,B0GSRJTLWY,B0FNBYKPZT,24,0,719.7600,USD,0.0000,USD,24,0,25,1,75,1,100,2,4.4600,5.0000,4.3800,6.2500,4.4000,5.5600,30,1,100,1,130,2,4.3000,4.0000,4.5700,4.3500,4.5000,4.1700,100.0000,100.0000,24.0000,0.0000,2026-04-14 00:00:00,US,innerbrightness,2026-04-20 00:22:31.899432,2026-04-20 00:22:31.899432
1522,B0GSHWM86S,B0GKSVSK3P,43,0,840.1800,USD,0.0000,USD,41,0,45,2,117,3,162,5,8.0400,10.0000,6.8300,18.7500,7.1200,13.8900,63,2,165,5,228,7,9.0300,8.0000,7.5400,21.7400,7.9000,14.5800,100.0000,100.0000,26.5400,0.0000,2026-04-14 00:00:00,US,innerbrightness,2026-04-20 00:22:31.899432,2026-04-20 00:22:31.899432
1523,B0GSRJTLWY,B0FNBN38V4,112,3,3358.8800,USD,89.9700,USD,108,3,129,3,269,2,398,5,23.0400,15.0000,15.6900,12.5000,17.5000,13.8900,152,3,320,3,472,6,21.7800,12.0000,14.6200,13.0400,16.3500,12.5000,100.0000,100.0000,28.1400,60.0000,2026-04-14 00:00:00,US,innerbrightness,2026-04-20 00:22:31.899432,2026-04-20 00:22:31.899432
1524,B0GQZ8FRX8,B0GQZ8FRX8,1,0,19.9900,USD,0.0000,USD,1,0,4,1,4,0,8,1,0.7100,5.0000,0.2300,0.0000,0.3500,2.7800,6,2,6,0,12,2,0.8600,8.0000,0.2700,0.0000,0.4200,4.1700,90.9100,100.0000,12.5000,0.0000,2026-04-14 00:00:00,US,innerbrightness,2026-04-20 00:22:31.899432,2026-04-20 00:22:31.899432
1525,B0GGRSXJDL,B0G6L2NQP4,0,0,0.0000,USD,0.0000,USD,0,0,4,0,2,0,6,0,0.7100,0.0000,0.1200,0.0000,0.2600,0.0000,5,0,4,0,9,0,0.7200,0.0000,0.1800,0.0000,0.3100,0.0000,100.0000,0.0000,0.0000,0.0000,2026-04-14 00:00:00,US,innerbrightness,2026-04-20 00:22:31.899432,2026-04-20 00:22:31.899432
1526,B0GSRJTLWY,B0GJ66LHGM,7,0,209.9300,USD,0.0000,USD,7,0,10,0,42,0,52,0,1.7900,0.0000,2.4500,0.0000,2.2900,0.0000,11,0,46,0,57,0,1.5800,0.0000,2.1000,0.0000,1.9700,0.0000,100.0000,0.0000,13.4600,0.0000,2026-04-14 00:00:00,US,innerbrightness,2026-04-20 00:22:31.899432,2026-04-20 00:22:31.899432
1527,B0GTB8S1VY,B0G25Y3DVZ,30,0,734.7000,USD,0.0000,USD,29,0,43,0,83,3,126,3,7.6800,0.0000,4.8400,18.7500,5.5400,8.3300,60,0,104,7,164,7,8.6000,0.0000,4.7500,30.4300,5.6800,14.5800,99.3600,100.0000,23.8100,0.0000,2026-04-14 00:00:00,US,innerbrightness,2026-04-20 00:22:31.899432,2026-04-20 00:22:31.899432
1528,B0GS5J5TRR,B0GJBFKQZC,21,0,428.1900,USD,0.0000,USD,21,0,15,0,64,2,79,2,2.6800,0.0000,3.7300,12.5000,3.4700,5.5600,21,0,88,2,109,2,3.0100,0.0000,4.0200,8.7000,3.7800,4.1700,100.0000,0.0000,26.5800,0.0000,2026-04-14 00:00:00,US,innerbrightness,2026-04-20 00:22:31.899432,2026-04-20 00:22:31.899432
1529,B0GS61KH2Y,B0DKT3PXRP,250,1,3497.5000,USD,13.9900,USD,229,1,160,8,559,3,719,11,28.5700,40.0000,32.6100,18.7500,31.6200,30.5600,201,11,736,3,937,14,28.8000,44.0000,33.6200,13.0400,32.4600,29.1700,99.8900,100.0000,34.7700,9.0900,2026-04-14 00:00:00,US,innerbrightness,2026-04-20 00:22:31.899432,2026-04-20 00:22:31.899432
1530,B0GSRJTLWY,B0GL11MTZM,19,1,569.8100,USD,29.9900,USD,18,1,8,1,42,0,50,1,1.4300,5.0000,2.4500,0.0000,2.2000,2.7800,11,1,46,0,57,1,1.5800,4.0000,2.1000,0.0000,1.9700,2.0800,100.0000,100.0000,38.0000,100.0000,2026-04-14 00:00:00,US,innerbrightness,2026-04-20 00:22:31.899432,2026-04-20 00:22:31.899432
1531,B0GSRRVKB4,B0FYFK76DM,3,0,59.9700,USD,0.0000,USD,3,0,0,0,9,1,9,1,0.0000,0.0000,0.5300,6.2500,0.4000,2.7800,0,0,12,1,12,1,0.0000,0.0000,0.5500,4.3500,0.4200,2.0800,100.0000,100.0000,33.3300,0.0000,2026-04-14 00:00:00,US,innerbrightness,2026-04-20 00:22:31.899432,2026-04-20 00:22:31.899432
1532,B0GWHWMMYC,B0GWHWMMYC,0,0,0.0000,USD,0.0000,USD,0,0,1,0,3,0,4,0,0.1800,0.0000,0.1800,0.0000,0.1800,0.0000,1,0,4,0,5,0,0.1400,0.0000,0.1800,0.0000,0.1700,0.0000,40.0000,0.0000,0.0000,0.0000,2026-04-14 00:00:00,US,innerbrightness,2026-04-20 00:22:31.899432,2026-04-20 00:22:31.899432
1533,B0GVBPLXSW,B0FYFBZ7W5,16,0,361.4400,USD,0.0000,USD,15,0,45,1,153,0,198,1,8.0400,5.0000,8.9300,0.0000,8.7100,2.7800,57,1,177,0,234,1,8.1700,4.0000,8.0900,0.0000,8.1100,2.0800,95.9300,100.0000,8.0800,0.0000,2026-04-14 00:00:00,US,innerbrightness,2026-04-20 00:22:31.899432,2026-04-20 00:22:31.899432
1534,B0GS61KH2Y,B0DN5QQLB6,40,0,999.2000,USD,0.0000,USD,40,0,27,2,110,0,137,2,4.8200,10.0000,6.4200,0.0000,6.0200,5.5600,30,3,151,0,181,3,4.3000,12.0000,6.9000,0.0000,6.2700,6.2500,100.0000,100.0000,29.2000,0.0000,2026-04-14 00:00:00,US,innerbrightness,2026-04-20 00:22:31.899432,2026-04-20 00:22:31.899432
