id,created_at,updated_at,date,viewability_rate,keyword_id,purchases_clicks,video5_second_views,match_type,units_sold,royalty_qualified_borrows,qualified_borrows_from_clicks,ad_group_id,sales,keyword_bid,add_to_list,kindle_edition_normalized_pages_royalties14d,search_term,add_to_list_from_clicks,cost_type,campaign_budget_type,campaign_status,video_unmutes,keyword_type,view_click_through_rate,video_third_quartile_views,campaign_budget_amount,royalty_qualified_borrows_from_clicks,cost,purchases,ad_group_name,campaign_id,impressions,kindle_edition_normalized_pages_read14d,qualified_borrows,viewable_impressions,keyword_text,campaign_budget_currency_code,video_complete_views,clicks,video_midpoint_views,video5_second_view_rate,campaign_name,video_first_quartile_views,sales_clicks,report_type_request,country_code_request,customer_request,file_name_request,parse_time_request
8614,2026-04-21 01:59:18.626969,2026-04-21 01:59:18.626969,2026-04-09,43.93,63809869731050,0,0,EXACT,0,0,0,451520502515809,0.0,3.5,0,0,magnesium glycinate gummies,0,CPC,DAILY_BUDGET,ENABLED,0,EXACT,4.26,0,300.0,0,7.0,0,Inner-SB-Collection-gumm-magnesium-CPC-1,107283922414881,107,0,0,47,magnesium glycinate gummies,USD,0,2,0,0.0,Inner-SB-Collection-gumm-magnesium-CPC-1,0,0.0,sbSearchTerm,US,INNERBRIGHTNESS,sbSearchTerm_innerbrightness_US_2026-03-21_2026-04-20.json,2026-04-21 01:59:18
8615,2026-04-21 01:59:18.626969,2026-04-21 01:59:18.626969,2026-04-10,58.43,63809869731050,0,0,EXACT,0,0,0,451520502515809,0.0,3.5,0,0,magnesium glycinate gummies,0,CPC,DAILY_BUDGET,ENABLED,0,EXACT,0.96,0,300.0,0,4.8,0,Inner-SB-Collection-gumm-magnesium-CPC-1,107283922414881,178,0,0,104,magnesium glycinate gummies,USD,0,1,0,0.0,Inner-SB-Collection-gumm-magnesium-CPC-1,0,0.0,sbSearchTerm,US,INNERBRIGHTNESS,sbSearchTerm_innerbrightness_US_2026-03-21_2026-04-20.json,2026-04-21 01:59:18
8616,2026-04-21 01:59:18.626969,2026-04-21 01:59:18.626969,2026-04-10,53.45,214558527883028,1,0,EXACT,1,0,0,451520502515809,27.99,3.5,0,0,magnesium gummies,0,CPC,DAILY_BUDGET,ENABLED,0,EXACT,12.9,0,300.0,0,16.8,1,Inner-SB-Collection-gumm-magnesium-CPC-1,107283922414881,58,0,0,31,magnesium gummies,USD,0,4,0,0.0,Inner-SB-Collection-gumm-magnesium-CPC-1,0,27.99,sbSearchTerm,US,INNERBRIGHTNESS,sbSearchTerm_innerbrightness_US_2026-03-21_2026-04-20.json,2026-04-21 01:59:18
8617,2026-04-21 01:59:18.626969,2026-04-21 01:59:18.626969,2026-04-11,100.0,63809869731050,0,0,EXACT,0,0,0,451520502515809,0.0,3.5,0,0,bisglycinate magnesium gummies,0,CPC,DAILY_BUDGET,ENABLED,0,EXACT,50.0,0,300.0,0,4.0,0,Inner-SB-Collection-gumm-magnesium-CPC-1,107283922414881,2,0,0,2,magnesium glycinate gummies,USD,0,1,0,0.0,Inner-SB-Collection-gumm-magnesium-CPC-1,0,0.0,sbSearchTerm,US,INNERBRIGHTNESS,sbSearchTerm_innerbrightness_US_2026-03-21_2026-04-20.json,2026-04-21 01:59:18
8618,2026-04-21 01:59:18.626969,2026-04-21 01:59:18.626969,2026-04-13,100.0,63809869731050,0,0,EXACT,0,0,0,451520502515809,0.0,3.5,0,0,bisglycinate magnesium gummies,0,CPC,DAILY_BUDGET,ENABLED,0,EXACT,100.0,0,300.0,0,3.84,0,Inner-SB-Collection-gumm-magnesium-CPC-1,107283922414881,1,0,0,1,magnesium glycinate gummies,USD,0,1,0,0.0,Inner-SB-Collection-gumm-magnesium-CPC-1,0,0.0,sbSearchTerm,US,INNERBRIGHTNESS,sbSearchTerm_innerbrightness_US_2026-03-21_2026-04-20.json,2026-04-21 01:59:18
8619,2026-04-21 01:59:18.626969,2026-04-21 01:59:18.626969,2026-04-12,100.0,214558527883028,1,0,EXACT,1,0,0,451520502515809,27.99,3.5,0,0,chewable gummy magnesium,0,CPC,DAILY_BUDGET,ENABLED,0,EXACT,100.0,0,300.0,0,4.0,1,Inner-SB-Collection-gumm-magnesium-CPC-1,107283922414881,1,0,0,1,magnesium gummies,USD,0,1,0,0.0,Inner-SB-Collection-gumm-magnesium-CPC-1,0,27.99,sbSearchTerm,US,INNERBRIGHTNESS,sbSearchTerm_innerbrightness_US_2026-03-21_2026-04-20.json,2026-04-21 01:59:18
8620,2026-04-21 01:59:18.626969,2026-04-21 01:59:18.626969,2026-04-12,100.0,214558527883028,0,0,EXACT,0,0,0,451520502515809,0.0,3.5,0,0,chewable magnesium,0,CPC,DAILY_BUDGET,ENABLED,0,EXACT,20.0,0,300.0,0,4.0,0,Inner-SB-Collection-gumm-magnesium-CPC-1,107283922414881,5,0,0,5,magnesium gummies,USD,0,1,0,0.0,Inner-SB-Collection-gumm-magnesium-CPC-1,0,0.0,sbSearchTerm,US,INNERBRIGHTNESS,sbSearchTerm_innerbrightness_US_2026-03-21_2026-04-20.json,2026-04-21 01:59:18
8621,2026-04-21 01:59:18.626969,2026-04-21 01:59:18.626969,2026-04-16,100.0,214558527883028,0,0,EXACT,0,0,0,451520502515809,0.0,3.5,0,0,chewable magnesium,0,CPC,DAILY_BUDGET,ENABLED,0,EXACT,100.0,0,300.0,0,3.5,0,Inner-SB-Collection-gumm-magnesium-CPC-1,107283922414881,1,0,0,1,magnesium gummies,USD,0,1,0,0.0,Inner-SB-Collection-gumm-magnesium-CPC-1,0,0.0,sbSearchTerm,US,INNERBRIGHTNESS,sbSearchTerm_innerbrightness_US_2026-03-21_2026-04-20.json,2026-04-21 01:59:18
8622,2026-04-21 01:59:18.626969,2026-04-21 01:59:18.626969,2026-04-17,100.0,63809869731050,0,0,EXACT,0,0,0,451520502515809,0.0,3.5,0,0,chewable magnesium glycinate,0,CPC,DAILY_BUDGET,ENABLED,0,EXACT,16.67,0,300.0,0,3.5,0,Inner-SB-Collection-gumm-magnesium-CPC-1,107283922414881,6,0,0,6,magnesium glycinate gummies,USD,0,1,0,0.0,Inner-SB-Collection-gumm-magnesium-CPC-1,0,0.0,sbSearchTerm,US,INNERBRIGHTNESS,sbSearchTerm_innerbrightness_US_2026-03-21_2026-04-20.json,2026-04-21 01:59:18
8626,2026-04-21 01:59:18.626969,2026-04-21 01:59:18.626969,2026-04-14,52.08,173259629358227,1,0,EXACT,1,0,0,312377790335108,29.99,4.0,0,0,creatine gummies,0,CPC,DAILY_BUDGET,ENABLED,0,EXACT,8.0,0,200.0,0,8.0,1,Inner-SB-Collection-Creatine Gummies-CPC,8630109811607,48,0,0,25,creatine gummies,USD,0,2,0,0.0,Inner-SB-Collection-Creatine Gummies-CPC,0,29.99,sbSearchTerm,US,INNERBRIGHTNESS,sbSearchTerm_innerbrightness_US_2026-03-21_2026-04-20.json,2026-04-21 01:59:18
8627,2026-04-21 01:59:18.626969,2026-04-21 01:59:18.626969,2026-04-15,31.58,173259629358227,1,0,EXACT,1,0,0,312377790335108,29.99,4.0,0,0,creatine gummies,0,CPC,DAILY_BUDGET,ENABLED,0,EXACT,4.17,0,200.0,0,4.5,1,Inner-SB-Collection-Creatine Gummies-CPC,8630109811607,76,0,0,24,creatine gummies,USD,0,1,0,0.0,Inner-SB-Collection-Creatine Gummies-CPC,0,29.99,sbSearchTerm,US,INNERBRIGHTNESS,sbSearchTerm_innerbrightness_US_2026-03-21_2026-04-20.json,2026-04-21 01:59:18
8628,2026-04-21 01:59:18.626969,2026-04-21 01:59:18.626969,2026-04-16,13.67,173259629358227,4,0,EXACT,5,0,0,312377790335108,149.95,4.0,1,0,creatine gummies,1,CPC,DAILY_BUDGET,ENABLED,0,EXACT,6.25,0,200.0,0,65.03,4,Inner-SB-Collection-Creatine Gummies-CPC,8630109811607,1405,0,0,192,creatine gummies,USD,0,12,0,0.0,Inner-SB-Collection-Creatine Gummies-CPC,0,149.95,sbSearchTerm,US,INNERBRIGHTNESS,sbSearchTerm_innerbrightness_US_2026-03-21_2026-04-20.json,2026-04-21 01:59:18
8629,2026-04-21 01:59:18.626969,2026-04-21 01:59:18.626969,2026-04-17,8.51,173259629358227,2,0,EXACT,2,0,0,312377790335108,59.98,4.0,0,0,creatine gummies,0,CPC,DAILY_BUDGET,ENABLED,0,EXACT,2.69,0,200.0,0,48.63,2,Inner-SB-Collection-Creatine Gummies-CPC,8630109811607,3937,0,0,335,creatine gummies,USD,0,9,0,0.0,Inner-SB-Collection-Creatine Gummies-CPC,0,59.98,sbSearchTerm,US,INNERBRIGHTNESS,sbSearchTerm_innerbrightness_US_2026-03-21_2026-04-20.json,2026-04-21 01:59:18
8633,2026-04-21 01:59:18.626969,2026-04-21 01:59:18.626969,2026-04-16,22.22,240637656687643,0,0,EXACT,0,0,0,312377790335108,0.0,4.0,0,0,creatine gummies for men,0,CPC,DAILY_BUDGET,ENABLED,0,EXACT,5.0,0,200.0,0,5.5,0,Inner-SB-Collection-Creatine Gummies-CPC,8630109811607,90,0,0,20,creatine gummies for men,USD,0,1,0,0.0,Inner-SB-Collection-Creatine Gummies-CPC,0,0.0,sbSearchTerm,US,INNERBRIGHTNESS,sbSearchTerm_innerbrightness_US_2026-03-21_2026-04-20.json,2026-04-21 01:59:18
8634,2026-04-21 01:59:18.626969,2026-04-21 01:59:18.626969,2026-04-17,18.1,240637656687643,2,0,EXACT,2,0,0,312377790335108,59.98,4.0,0,0,creatine gummies for men,0,CPC,DAILY_BUDGET,ENABLED,0,EXACT,7.5,0,200.0,0,17.4,2,Inner-SB-Collection-Creatine Gummies-CPC,8630109811607,221,0,0,40,creatine gummies for men,USD,0,3,0,0.0,Inner-SB-Collection-Creatine Gummies-CPC,0,59.98,sbSearchTerm,US,INNERBRIGHTNESS,sbSearchTerm_innerbrightness_US_2026-03-21_2026-04-20.json,2026-04-21 01:59:18
8636,2026-04-21 01:59:18.626969,2026-04-21 01:59:18.626969,2026-04-16,9.19,88855884644078,2,0,EXACT,2,0,0,312377790335108,50.14,4.0,0,0,creatine gummies for women,0,CPC,DAILY_BUDGET,ENABLED,0,EXACT,7.53,0,200.0,0,33.47,2,Inner-SB-Collection-Creatine Gummies-CPC,8630109811607,1012,0,0,93,creatine gummies for women,USD,0,7,0,0.0,Inner-SB-Collection-Creatine Gummies-CPC,0,50.14,sbSearchTerm,US,INNERBRIGHTNESS,sbSearchTerm_innerbrightness_US_2026-03-21_2026-04-20.json,2026-04-21 01:59:18
8637,2026-04-21 01:59:18.626969,2026-04-21 01:59:18.626969,2026-04-17,6.47,88855884644078,0,0,EXACT,0,0,0,312377790335108,0.0,4.0,0,0,creatine gummies for women,0,CPC,DAILY_BUDGET,ENABLED,0,EXACT,0.7,0,200.0,0,5.8,0,Inner-SB-Collection-Creatine Gummies-CPC,8630109811607,2211,0,0,143,creatine gummies for women,USD,0,1,0,0.0,Inner-SB-Collection-Creatine Gummies-CPC,0,0.0,sbSearchTerm,US,INNERBRIGHTNESS,sbSearchTerm_innerbrightness_US_2026-03-21_2026-04-20.json,2026-04-21 01:59:18
8640,2026-04-21 01:59:18.626969,2026-04-21 01:59:18.626969,2026-04-17,53.85,173259629358227,0,0,EXACT,0,0,0,312377790335108,0.0,4.0,0,0,creatine gummy,0,CPC,DAILY_BUDGET,ENABLED,0,EXACT,14.29,0,200.0,0,5.64,0,Inner-SB-Collection-Creatine Gummies-CPC,8630109811607,13,0,0,7,creatine gummies,USD,0,1,0,0.0,Inner-SB-Collection-Creatine Gummies-CPC,0,0.0,sbSearchTerm,US,INNERBRIGHTNESS,sbSearchTerm_innerbrightness_US_2026-03-21_2026-04-20.json,2026-04-21 01:59:18
8643,2026-04-21 01:59:18.626969,2026-04-21 01:59:18.626969,2026-04-16,35.47,266803359071366,1,0,EXACT,1,0,0,312377790335108,29.99,4.0,0,0,creatine monohydrate gummies,0,CPC,DAILY_BUDGET,ENABLED,0,EXACT,4.17,0,200.0,0,18.84,1,Inner-SB-Collection-Creatine Gummies-CPC,8630109811607,203,0,0,72,creatine monohydrate gummies,USD,0,3,0,0.0,Inner-SB-Collection-Creatine Gummies-CPC,0,29.99,sbSearchTerm,US,INNERBRIGHTNESS,sbSearchTerm_innerbrightness_US_2026-03-21_2026-04-20.json,2026-04-21 01:59:18
8644,2026-04-21 01:59:18.626969,2026-04-21 01:59:18.626969,2026-04-17,33.24,266803359071366,2,0,EXACT,2,0,0,312377790335108,59.98,4.0,0,0,creatine monohydrate gummies,0,CPC,DAILY_BUDGET,ENABLED,0,EXACT,5.26,0,200.0,0,34.57,2,Inner-SB-Collection-Creatine Gummies-CPC,8630109811607,343,0,0,114,creatine monohydrate gummies,USD,0,6,0,0.0,Inner-SB-Collection-Creatine Gummies-CPC,0,59.98,sbSearchTerm,US,INNERBRIGHTNESS,sbSearchTerm_innerbrightness_US_2026-03-21_2026-04-20.json,2026-04-21 01:59:18
8647,2026-04-21 01:59:18.626969,2026-04-21 01:59:18.626969,2026-04-17,100.0,240637656687643,0,0,EXACT,0,0,0,312377790335108,0.0,4.0,0,0,gomitas de creatina para hombres,0,CPC,DAILY_BUDGET,ENABLED,0,EXACT,100.0,0,200.0,0,5.53,0,Inner-SB-Collection-Creatine Gummies-CPC,8630109811607,1,0,0,1,creatine gummies for men,USD,0,1,0,0.0,Inner-SB-Collection-Creatine Gummies-CPC,0,0.0,sbSearchTerm,US,INNERBRIGHTNESS,sbSearchTerm_innerbrightness_US_2026-03-21_2026-04-20.json,2026-04-21 01:59:18
8652,2026-04-21 01:59:18.626969,2026-04-21 01:59:18.626969,2026-04-14,66.67,45621668095998,2,0,THEME,2,0,0,451520502515809,30.77,3.0,0,0,inner brightness magnesium,0,CPC,DAILY_BUDGET,ENABLED,0,THEME,100.0,0,300.0,0,3.45,2,Inner-SB-Collection-gumm-magnesium-CPC-1,107283922414881,3,0,0,2,keywords-related-to-your-brand,USD,0,2,0,0.0,Inner-SB-Collection-gumm-magnesium-CPC-1,0,30.77,sbSearchTerm,US,INNERBRIGHTNESS,sbSearchTerm_innerbrightness_US_2026-03-21_2026-04-20.json,2026-04-21 01:59:18
8653,2026-04-21 01:59:18.626969,2026-04-21 01:59:18.626969,2026-04-16,100.0,45621668095998,1,0,THEME,1,0,0,451520502515809,16.78,3.0,0,0,inner brightness magnesium,0,CPC,DAILY_BUDGET,ENABLED,0,THEME,50.0,0,300.0,0,2.15,1,Inner-SB-Collection-gumm-magnesium-CPC-1,107283922414881,2,0,0,2,keywords-related-to-your-brand,USD,0,1,0,0.0,Inner-SB-Collection-gumm-magnesium-CPC-1,0,16.78,sbSearchTerm,US,INNERBRIGHTNESS,sbSearchTerm_innerbrightness_US_2026-03-21_2026-04-20.json,2026-04-21 01:59:18
8657,2026-04-21 01:59:18.626969,2026-04-21 01:59:18.626969,2026-04-15,100.0,45621668095998,2,0,THEME,2,0,0,451520502515809,33.56,3.0,0,0,inner brightness magnesium complex,0,CPC,DAILY_BUDGET,ENABLED,0,THEME,100.0,0,300.0,0,5.24,2,Inner-SB-Collection-gumm-magnesium-CPC-1,107283922414881,2,0,0,2,keywords-related-to-your-brand,USD,0,2,0,0.0,Inner-SB-Collection-gumm-magnesium-CPC-1,0,33.56,sbSearchTerm,US,INNERBRIGHTNESS,sbSearchTerm_innerbrightness_US_2026-03-21_2026-04-20.json,2026-04-21 01:59:18
8658,2026-04-21 01:59:18.626969,2026-04-21 01:59:18.626969,2026-04-11,80.0,45621668095998,1,0,THEME,1,0,0,451520502515809,24.98,3.0,0,0,inner brightness magnesium glycinate gummies,0,CPC,DAILY_BUDGET,ENABLED,0,THEME,25.0,0,300.0,0,1.27,1,Inner-SB-Collection-gumm-magnesium-CPC-1,107283922414881,5,0,0,4,keywords-related-to-your-brand,USD,0,1,0,0.0,Inner-SB-Collection-gumm-magnesium-CPC-1,0,24.98,sbSearchTerm,US,INNERBRIGHTNESS,sbSearchTerm_innerbrightness_US_2026-03-21_2026-04-20.json,2026-04-21 01:59:18
8659,2026-04-21 01:59:18.626969,2026-04-21 01:59:18.626969,2026-04-12,75.0,45621668095998,1,0,THEME,1,0,0,451520502515809,27.99,3.0,0,0,inner brightness magnesium glycinate gummies,0,CPC,DAILY_BUDGET,ENABLED,0,THEME,33.33,0,300.0,0,11.26,1,Inner-SB-Collection-gumm-magnesium-CPC-1,107283922414881,16,0,0,12,keywords-related-to-your-brand,USD,0,4,0,0.0,Inner-SB-Collection-gumm-magnesium-CPC-1,0,27.99,sbSearchTerm,US,INNERBRIGHTNESS,sbSearchTerm_innerbrightness_US_2026-03-21_2026-04-20.json,2026-04-21 01:59:18
8660,2026-04-21 01:59:18.626969,2026-04-21 01:59:18.626969,2026-04-14,100.0,45621668095998,2,0,THEME,2,0,0,451520502515809,27.98,3.0,0,0,inner brightness magnesium glycinate gummies,0,CPC,DAILY_BUDGET,ENABLED,0,THEME,50.0,0,300.0,0,4.45,2,Inner-SB-Collection-gumm-magnesium-CPC-1,107283922414881,4,0,0,4,keywords-related-to-your-brand,USD,0,2,0,0.0,Inner-SB-Collection-gumm-magnesium-CPC-1,0,27.98,sbSearchTerm,US,INNERBRIGHTNESS,sbSearchTerm_innerbrightness_US_2026-03-21_2026-04-20.json,2026-04-21 01:59:18
8661,2026-04-21 01:59:18.626969,2026-04-21 01:59:18.626969,2026-04-17,100.0,45621668095998,0,0,THEME,0,0,0,451520502515809,0.0,3.0,0,0,inner brightness magnesium glycinate gummies,0,CPC,DAILY_BUDGET,ENABLED,0,THEME,33.33,0,300.0,0,2.44,0,Inner-SB-Collection-gumm-magnesium-CPC-1,107283922414881,3,0,0,3,keywords-related-to-your-brand,USD,0,1,0,0.0,Inner-SB-Collection-gumm-magnesium-CPC-1,0,0.0,sbSearchTerm,US,INNERBRIGHTNESS,sbSearchTerm_innerbrightness_US_2026-03-21_2026-04-20.json,2026-04-21 01:59:18
8662,2026-04-21 01:59:18.626969,2026-04-21 01:59:18.626969,2026-04-14,100.0,45621668095998,0,0,THEME,0,0,0,451520502515809,0.0,3.0,0,0,inner brightness magnesium glycinate plus gummies,0,CPC,DAILY_BUDGET,ENABLED,0,THEME,66.67,0,300.0,0,3.14,0,Inner-SB-Collection-gumm-magnesium-CPC-1,107283922414881,3,0,0,3,keywords-related-to-your-brand,USD,0,2,0,0.0,Inner-SB-Collection-gumm-magnesium-CPC-1,0,0.0,sbSearchTerm,US,INNERBRIGHTNESS,sbSearchTerm_innerbrightness_US_2026-03-21_2026-04-20.json,2026-04-21 01:59:18
8663,2026-04-21 01:59:18.626969,2026-04-21 01:59:18.626969,2026-04-15,100.0,45621668095998,0,0,THEME,0,0,0,451520502515809,0.0,3.0,0,0,inner brightness magnesium glycinate plus gummies,0,CPC,DAILY_BUDGET,ENABLED,0,THEME,100.0,0,300.0,0,2.48,0,Inner-SB-Collection-gumm-magnesium-CPC-1,107283922414881,1,0,0,1,keywords-related-to-your-brand,USD,0,1,0,0.0,Inner-SB-Collection-gumm-magnesium-CPC-1,0,0.0,sbSearchTerm,US,INNERBRIGHTNESS,sbSearchTerm_innerbrightness_US_2026-03-21_2026-04-20.json,2026-04-21 01:59:18
8664,2026-04-21 01:59:18.626969,2026-04-21 01:59:18.626969,2026-04-13,100.0,63809869731050,0,0,EXACT,0,0,0,451520502515809,0.0,3.5,0,0,mag glycinate gummies,0,CPC,DAILY_BUDGET,ENABLED,0,EXACT,50.0,0,300.0,0,4.0,0,Inner-SB-Collection-gumm-magnesium-CPC-1,107283922414881,2,0,0,2,magnesium glycinate gummies,USD,0,1,0,0.0,Inner-SB-Collection-gumm-magnesium-CPC-1,0,0.0,sbSearchTerm,US,INNERBRIGHTNESS,sbSearchTerm_innerbrightness_US_2026-03-21_2026-04-20.json,2026-04-21 01:59:18
8665,2026-04-21 01:59:18.626969,2026-04-21 01:59:18.626969,2026-04-13,100.0,63809869731050,0,0,EXACT,0,0,0,451520502515809,0.0,3.5,0,0,magnesio glicinato gummies,0,CPC,DAILY_BUDGET,ENABLED,0,EXACT,50.0,0,300.0,0,4.31,0,Inner-SB-Collection-gumm-magnesium-CPC-1,107283922414881,2,0,0,2,magnesium glycinate gummies,USD,0,1,0,0.0,Inner-SB-Collection-gumm-magnesium-CPC-1,0,0.0,sbSearchTerm,US,INNERBRIGHTNESS,sbSearchTerm_innerbrightness_US_2026-03-21_2026-04-20.json,2026-04-21 01:59:18
8666,2026-04-21 01:59:18.626969,2026-04-21 01:59:18.626969,2026-04-16,100.0,63809869731050,1,0,EXACT,1,0,0,451520502515809,13.99,3.5,0,0,magnesio glycinate gummies,0,CPC,DAILY_BUDGET,ENABLED,0,EXACT,100.0,0,300.0,0,3.27,1,Inner-SB-Collection-gumm-magnesium-CPC-1,107283922414881,1,0,0,1,magnesium glycinate gummies,USD,0,1,0,0.0,Inner-SB-Collection-gumm-magnesium-CPC-1,0,13.99,sbSearchTerm,US,INNERBRIGHTNESS,sbSearchTerm_innerbrightness_US_2026-03-21_2026-04-20.json,2026-04-21 01:59:18
8667,2026-04-21 01:59:18.626969,2026-04-21 01:59:18.626969,2026-04-16,100.0,214558527883028,1,0,EXACT,1,0,0,451520502515809,13.99,3.5,0,0,magnesio gummies,0,CPC,DAILY_BUDGET,ENABLED,0,EXACT,100.0,0,300.0,0,3.31,1,Inner-SB-Collection-gumm-magnesium-CPC-1,107283922414881,1,0,0,1,magnesium gummies,USD,0,1,0,0.0,Inner-SB-Collection-gumm-magnesium-CPC-1,0,13.99,sbSearchTerm,US,INNERBRIGHTNESS,sbSearchTerm_innerbrightness_US_2026-03-21_2026-04-20.json,2026-04-21 01:59:18
8668,2026-04-21 01:59:18.626969,2026-04-21 01:59:18.626969,2026-04-11,96.43,63809869731050,0,0,EXACT,0,0,0,451520502515809,0.0,3.5,0,0,magnesium bisglycinate gummies,0,CPC,DAILY_BUDGET,ENABLED,0,EXACT,1.85,0,300.0,0,4.0,0,Inner-SB-Collection-gumm-magnesium-CPC-1,107283922414881,56,0,0,54,magnesium glycinate gummies,USD,0,1,0,0.0,Inner-SB-Collection-gumm-magnesium-CPC-1,0,0.0,sbSearchTerm,US,INNERBRIGHTNESS,sbSearchTerm_innerbrightness_US_2026-03-21_2026-04-20.json,2026-04-21 01:59:18
8669,2026-04-21 01:59:18.626969,2026-04-21 01:59:18.626969,2026-04-12,91.43,63809869731050,0,0,EXACT,0,0,0,451520502515809,0.0,3.5,0,0,magnesium bisglycinate gummies,0,CPC,DAILY_BUDGET,ENABLED,0,EXACT,4.69,0,300.0,0,10.72,0,Inner-SB-Collection-gumm-magnesium-CPC-1,107283922414881,70,0,0,64,magnesium glycinate gummies,USD,0,3,0,0.0,Inner-SB-Collection-gumm-magnesium-CPC-1,0,0.0,sbSearchTerm,US,INNERBRIGHTNESS,sbSearchTerm_innerbrightness_US_2026-03-21_2026-04-20.json,2026-04-21 01:59:18
8670,2026-04-21 01:59:18.626969,2026-04-21 01:59:18.626969,2026-04-13,72.41,63809869731050,1,0,EXACT,1,0,0,451520502515809,24.98,3.5,0,0,magnesium bisglycinate gummies,0,CPC,DAILY_BUDGET,ENABLED,0,EXACT,9.52,0,300.0,0,8.0,1,Inner-SB-Collection-gumm-magnesium-CPC-1,107283922414881,29,0,0,21,magnesium glycinate gummies,USD,0,2,0,0.0,Inner-SB-Collection-gumm-magnesium-CPC-1,0,24.98,sbSearchTerm,US,INNERBRIGHTNESS,sbSearchTerm_innerbrightness_US_2026-03-21_2026-04-20.json,2026-04-21 01:59:18
8671,2026-04-21 01:59:18.626969,2026-04-21 01:59:18.626969,2026-04-17,70.0,63809869731050,0,0,EXACT,0,0,0,451520502515809,0.0,3.5,0,0,magnesium bisglycinate gummies,0,CPC,DAILY_BUDGET,ENABLED,0,EXACT,7.14,0,300.0,0,4.2,0,Inner-SB-Collection-gumm-magnesium-CPC-1,107283922414881,20,0,0,14,magnesium glycinate gummies,USD,0,1,0,0.0,Inner-SB-Collection-gumm-magnesium-CPC-1,0,0.0,sbSearchTerm,US,INNERBRIGHTNESS,sbSearchTerm_innerbrightness_US_2026-03-21_2026-04-20.json,2026-04-21 01:59:18
8673,2026-04-21 01:59:18.626969,2026-04-21 01:59:18.626969,2026-04-17,100.0,213223474575661,0,0,EXACT,0,0,0,451520502515809,0.0,3.5,0,0,magnesium for women gummies,0,CPC,DAILY_BUDGET,ENABLED,0,EXACT,33.33,0,300.0,0,2.82,0,Inner-SB-Collection-gumm-magnesium-CPC-1,107283922414881,3,0,0,3,magnesium gummies for women,USD,0,1,0,0.0,Inner-SB-Collection-gumm-magnesium-CPC-1,0,0.0,sbSearchTerm,US,INNERBRIGHTNESS,sbSearchTerm_innerbrightness_US_2026-03-21_2026-04-20.json,2026-04-21 01:59:18
8674,2026-04-21 01:59:18.626969,2026-04-21 01:59:18.626969,2026-04-17,100.0,63809869731050,0,0,EXACT,0,0,0,451520502515809,0.0,3.5,0,0,magnesium glycinate -gummies,0,CPC,DAILY_BUDGET,ENABLED,0,EXACT,100.0,0,300.0,0,3.16,0,Inner-SB-Collection-gumm-magnesium-CPC-1,107283922414881,1,0,0,1,magnesium glycinate gummies,USD,0,1,0,0.0,Inner-SB-Collection-gumm-magnesium-CPC-1,0,0.0,sbSearchTerm,US,INNERBRIGHTNESS,sbSearchTerm_innerbrightness_US_2026-03-21_2026-04-20.json,2026-04-21 01:59:18
8678,2026-04-21 01:59:18.626969,2026-04-21 01:59:18.626969,2026-04-11,46.84,63809869731050,1,0,EXACT,1,0,0,451520502515809,27.99,3.5,0,0,magnesium glycinate gummies,0,CPC,DAILY_BUDGET,ENABLED,0,EXACT,4.94,0,300.0,0,70.19,1,Inner-SB-Collection-gumm-magnesium-CPC-1,107283922414881,822,0,0,385,magnesium glycinate gummies,USD,0,19,0,0.0,Inner-SB-Collection-gumm-magnesium-CPC-1,0,27.99,sbSearchTerm,US,INNERBRIGHTNESS,sbSearchTerm_innerbrightness_US_2026-03-21_2026-04-20.json,2026-04-21 01:59:18
8679,2026-04-21 01:59:18.626969,2026-04-21 01:59:18.626969,2026-04-12,38.43,63809869731050,4,0,EXACT,4,0,0,451520502515809,91.96,3.5,0,0,magnesium glycinate gummies,0,CPC,DAILY_BUDGET,ENABLED,0,EXACT,2.7,0,300.0,0,57.83,4,Inner-SB-Collection-gumm-magnesium-CPC-1,107283922414881,1444,0,0,555,magnesium glycinate gummies,USD,0,15,0,0.0,Inner-SB-Collection-gumm-magnesium-CPC-1,0,91.96,sbSearchTerm,US,INNERBRIGHTNESS,sbSearchTerm_innerbrightness_US_2026-03-21_2026-04-20.json,2026-04-21 01:59:18
8680,2026-04-21 01:59:18.626969,2026-04-21 01:59:18.626969,2026-04-13,34.11,63809869731050,10,0,EXACT,10,0,0,451520502515809,176.67,3.5,0,0,magnesium glycinate gummies,0,CPC,DAILY_BUDGET,ENABLED,0,EXACT,6.85,0,300.0,0,80.43,10,Inner-SB-Collection-gumm-magnesium-CPC-1,107283922414881,941,0,0,321,magnesium glycinate gummies,USD,0,22,0,0.0,Inner-SB-Collection-gumm-magnesium-CPC-1,0,176.67,sbSearchTerm,US,INNERBRIGHTNESS,sbSearchTerm_innerbrightness_US_2026-03-21_2026-04-20.json,2026-04-21 01:59:18
8681,2026-04-21 01:59:18.626969,2026-04-21 01:59:18.626969,2026-04-14,68.3,63809869731050,13,0,EXACT,13,0,0,451520502515809,226.63,3.5,3,0,magnesium glycinate gummies,3,CPC,DAILY_BUDGET,ENABLED,0,EXACT,6.35,0,300.0,0,160.22,13,Inner-SB-Collection-gumm-magnesium-CPC-1,107283922414881,1060,0,0,724,magnesium glycinate gummies,USD,0,46,0,0.0,Inner-SB-Collection-gumm-magnesium-CPC-1,0,226.63,sbSearchTerm,US,INNERBRIGHTNESS,sbSearchTerm_innerbrightness_US_2026-03-21_2026-04-20.json,2026-04-21 01:59:18
8682,2026-04-21 01:59:18.626969,2026-04-21 01:59:18.626969,2026-04-15,77.82,63809869731050,26,0,EXACT,27,0,0,451520502515809,492.44,3.5,1,0,magnesium glycinate gummies,1,CPC,DAILY_BUDGET,ENABLED,0,EXACT,7.26,0,300.0,0,279.85,26,Inner-SB-Collection-gumm-magnesium-CPC-1,107283922414881,1416,0,0,1102,magnesium glycinate gummies,USD,0,80,0,0.0,Inner-SB-Collection-gumm-magnesium-CPC-1,0,492.44,sbSearchTerm,US,INNERBRIGHTNESS,sbSearchTerm_innerbrightness_US_2026-03-21_2026-04-20.json,2026-04-21 01:59:18
8683,2026-04-21 01:59:18.626969,2026-04-21 01:59:18.626969,2026-04-16,59.97,63809869731050,16,0,EXACT,17,0,0,451520502515809,326.76,3.5,2,0,magnesium glycinate gummies,2,CPC,DAILY_BUDGET,ENABLED,0,EXACT,10.1,0,300.0,0,254.97,16,Inner-SB-Collection-gumm-magnesium-CPC-1,107283922414881,1189,0,0,713,magnesium glycinate gummies,USD,0,72,0,0.0,Inner-SB-Collection-gumm-magnesium-CPC-1,0,326.76,sbSearchTerm,US,INNERBRIGHTNESS,sbSearchTerm_innerbrightness_US_2026-03-21_2026-04-20.json,2026-04-21 01:59:18
8684,2026-04-21 01:59:18.626969,2026-04-21 01:59:18.626969,2026-04-17,51.38,63809869731050,8,0,EXACT,8,0,0,451520502515809,123.5,3.5,2,0,magnesium glycinate gummies,2,CPC,DAILY_BUDGET,ENABLED,0,EXACT,8.87,0,300.0,0,212.96,8,Inner-SB-Collection-gumm-magnesium-CPC-1,107283922414881,1339,0,0,688,magnesium glycinate gummies,USD,0,61,0,0.0,Inner-SB-Collection-gumm-magnesium-CPC-1,0,123.5,sbSearchTerm,US,INNERBRIGHTNESS,sbSearchTerm_innerbrightness_US_2026-03-21_2026-04-20.json,2026-04-21 01:59:18
8689,2026-04-21 01:59:18.626969,2026-04-21 01:59:18.626969,2026-04-14,68.42,63809869731050,0,0,EXACT,0,0,0,451520502515809,0.0,3.5,0,0,magnesium glycinate gummy,0,CPC,DAILY_BUDGET,ENABLED,0,EXACT,7.69,0,300.0,0,7.0,0,Inner-SB-Collection-gumm-magnesium-CPC-1,107283922414881,38,0,0,26,magnesium glycinate gummies,USD,0,2,0,0.0,Inner-SB-Collection-gumm-magnesium-CPC-1,0,0.0,sbSearchTerm,US,INNERBRIGHTNESS,sbSearchTerm_innerbrightness_US_2026-03-21_2026-04-20.json,2026-04-21 01:59:18
8690,2026-04-21 01:59:18.626969,2026-04-21 01:59:18.626969,2026-04-16,73.68,63809869731050,2,0,EXACT,2,0,0,451520502515809,49.96,3.5,0,0,magnesium glycinate gummy,0,CPC,DAILY_BUDGET,ENABLED,0,EXACT,10.71,0,300.0,0,10.29,2,Inner-SB-Collection-gumm-magnesium-CPC-1,107283922414881,38,0,0,28,magnesium glycinate gummies,USD,0,3,0,0.0,Inner-SB-Collection-gumm-magnesium-CPC-1,0,49.96,sbSearchTerm,US,INNERBRIGHTNESS,sbSearchTerm_innerbrightness_US_2026-03-21_2026-04-20.json,2026-04-21 01:59:18
8694,2026-04-21 01:59:18.626969,2026-04-21 01:59:18.626969,2026-04-16,100.0,63809869731050,0,0,EXACT,0,0,0,451520502515809,0.0,3.5,0,0,magnesium glycinate gummy’s￼,0,CPC,DAILY_BUDGET,ENABLED,0,EXACT,100.0,0,300.0,0,1.9,0,Inner-SB-Collection-gumm-magnesium-CPC-1,107283922414881,1,0,0,1,magnesium glycinate gummies,USD,0,1,0,0.0,Inner-SB-Collection-gumm-magnesium-CPC-1,0,0.0,sbSearchTerm,US,INNERBRIGHTNESS,sbSearchTerm_innerbrightness_US_2026-03-21_2026-04-20.json,2026-04-21 01:59:18
8696,2026-04-21 01:59:18.626969,2026-04-21 01:59:18.626969,2026-04-11,53.66,214558527883028,1,0,EXACT,1,0,0,451520502515809,27.99,3.5,0,0,magnesium gummies,0,CPC,DAILY_BUDGET,ENABLED,0,EXACT,13.64,0,300.0,0,38.4,1,Inner-SB-Collection-gumm-magnesium-CPC-1,107283922414881,123,0,0,66,magnesium gummies,USD,0,9,0,0.0,Inner-SB-Collection-gumm-magnesium-CPC-1,0,27.99,sbSearchTerm,US,INNERBRIGHTNESS,sbSearchTerm_innerbrightness_US_2026-03-21_2026-04-20.json,2026-04-21 01:59:18
8697,2026-04-21 01:59:18.626969,2026-04-21 01:59:18.626969,2026-04-12,47.73,214558527883028,1,0,EXACT,1,0,0,451520502515809,16.99,3.5,5,0,magnesium gummies,5,CPC,DAILY_BUDGET,ENABLED,0,EXACT,9.52,0,300.0,0,33.11,1,Inner-SB-Collection-gumm-magnesium-CPC-1,107283922414881,176,0,0,84,magnesium gummies,USD,0,8,0,0.0,Inner-SB-Collection-gumm-magnesium-CPC-1,0,16.99,sbSearchTerm,US,INNERBRIGHTNESS,sbSearchTerm_innerbrightness_US_2026-03-21_2026-04-20.json,2026-04-21 01:59:18
8698,2026-04-21 01:59:18.626969,2026-04-21 01:59:18.626969,2026-04-13,47.47,214558527883028,3,0,EXACT,3,0,0,451520502515809,52.96,3.5,0,0,magnesium gummies,0,CPC,DAILY_BUDGET,ENABLED,0,EXACT,6.38,0,300.0,0,23.04,3,Inner-SB-Collection-gumm-magnesium-CPC-1,107283922414881,198,0,0,94,magnesium gummies,USD,0,6,0,0.0,Inner-SB-Collection-gumm-magnesium-CPC-1,0,52.96,sbSearchTerm,US,INNERBRIGHTNESS,sbSearchTerm_innerbrightness_US_2026-03-21_2026-04-20.json,2026-04-21 01:59:18
8699,2026-04-21 01:59:18.626969,2026-04-21 01:59:18.626969,2026-04-14,77.11,214558527883028,0,0,EXACT,0,0,0,451520502515809,0.0,3.5,0,0,magnesium gummies,0,CPC,DAILY_BUDGET,ENABLED,0,EXACT,5.47,0,300.0,0,24.2,0,Inner-SB-Collection-gumm-magnesium-CPC-1,107283922414881,166,0,0,128,magnesium gummies,USD,0,7,0,0.0,Inner-SB-Collection-gumm-magnesium-CPC-1,0,0.0,sbSearchTerm,US,INNERBRIGHTNESS,sbSearchTerm_innerbrightness_US_2026-03-21_2026-04-20.json,2026-04-21 01:59:18
8700,2026-04-21 01:59:18.626969,2026-04-21 01:59:18.626969,2026-04-15,78.87,214558527883028,3,0,EXACT,6,0,0,451520502515809,86.94,3.5,0,0,magnesium gummies,0,CPC,DAILY_BUDGET,ENABLED,0,EXACT,4.76,0,300.0,0,28.0,3,Inner-SB-Collection-gumm-magnesium-CPC-1,107283922414881,213,0,0,168,magnesium gummies,USD,0,8,0,0.0,Inner-SB-Collection-gumm-magnesium-CPC-1,0,86.94,sbSearchTerm,US,INNERBRIGHTNESS,sbSearchTerm_innerbrightness_US_2026-03-21_2026-04-20.json,2026-04-21 01:59:18
8701,2026-04-21 01:59:18.626969,2026-04-21 01:59:18.626969,2026-04-16,74.31,214558527883028,4,0,EXACT,4,0,0,451520502515809,77.94,3.5,1,0,magnesium gummies,1,CPC,DAILY_BUDGET,ENABLED,0,EXACT,9.26,0,300.0,0,53.64,4,Inner-SB-Collection-gumm-magnesium-CPC-1,107283922414881,218,0,0,162,magnesium gummies,USD,0,15,0,0.0,Inner-SB-Collection-gumm-magnesium-CPC-1,0,77.94,sbSearchTerm,US,INNERBRIGHTNESS,sbSearchTerm_innerbrightness_US_2026-03-21_2026-04-20.json,2026-04-21 01:59:18
8702,2026-04-21 01:59:18.626969,2026-04-21 01:59:18.626969,2026-04-17,67.61,214558527883028,8,0,EXACT,8,0,0,451520502515809,134.91,3.5,1,0,magnesium gummies,1,CPC,DAILY_BUDGET,ENABLED,0,EXACT,10.27,0,300.0,0,96.05,8,Inner-SB-Collection-gumm-magnesium-CPC-1,107283922414881,389,0,0,263,magnesium gummies,USD,0,27,0,0.0,Inner-SB-Collection-gumm-magnesium-CPC-1,0,134.91,sbSearchTerm,US,INNERBRIGHTNESS,sbSearchTerm_innerbrightness_US_2026-03-21_2026-04-20.json,2026-04-21 01:59:18
8706,2026-04-21 01:59:18.626969,2026-04-21 01:59:18.626969,2026-04-11,75.0,213223474575661,0,0,EXACT,0,0,0,451520502515809,0.0,3.5,0,0,magnesium gummies for women,0,CPC,DAILY_BUDGET,ENABLED,0,EXACT,7.41,0,300.0,0,8.0,0,Inner-SB-Collection-gumm-magnesium-CPC-1,107283922414881,36,0,0,27,magnesium gummies for women,USD,0,2,0,0.0,Inner-SB-Collection-gumm-magnesium-CPC-1,0,0.0,sbSearchTerm,US,INNERBRIGHTNESS,sbSearchTerm_innerbrightness_US_2026-03-21_2026-04-20.json,2026-04-21 01:59:18
8707,2026-04-21 01:59:18.626969,2026-04-21 01:59:18.626969,2026-04-12,56.86,213223474575661,0,0,EXACT,0,0,0,451520502515809,0.0,3.5,0,0,magnesium gummies for women,0,CPC,DAILY_BUDGET,ENABLED,0,EXACT,3.45,0,300.0,0,4.0,0,Inner-SB-Collection-gumm-magnesium-CPC-1,107283922414881,51,0,0,29,magnesium gummies for women,USD,0,1,0,0.0,Inner-SB-Collection-gumm-magnesium-CPC-1,0,0.0,sbSearchTerm,US,INNERBRIGHTNESS,sbSearchTerm_innerbrightness_US_2026-03-21_2026-04-20.json,2026-04-21 01:59:18
8708,2026-04-21 01:59:18.626969,2026-04-21 01:59:18.626969,2026-04-13,51.43,213223474575661,0,0,EXACT,0,0,0,451520502515809,0.0,3.5,0,0,magnesium gummies for women,0,CPC,DAILY_BUDGET,ENABLED,0,EXACT,5.56,0,300.0,0,4.0,0,Inner-SB-Collection-gumm-magnesium-CPC-1,107283922414881,35,0,0,18,magnesium gummies for women,USD,0,1,0,0.0,Inner-SB-Collection-gumm-magnesium-CPC-1,0,0.0,sbSearchTerm,US,INNERBRIGHTNESS,sbSearchTerm_innerbrightness_US_2026-03-21_2026-04-20.json,2026-04-21 01:59:18
8709,2026-04-21 01:59:18.626969,2026-04-21 01:59:18.626969,2026-04-14,71.88,213223474575661,1,0,EXACT,1,0,0,451520502515809,13.99,3.5,0,0,magnesium gummies for women,0,CPC,DAILY_BUDGET,ENABLED,0,EXACT,4.35,0,300.0,0,7.0,1,Inner-SB-Collection-gumm-magnesium-CPC-1,107283922414881,64,0,0,46,magnesium gummies for women,USD,0,2,0,0.0,Inner-SB-Collection-gumm-magnesium-CPC-1,0,13.99,sbSearchTerm,US,INNERBRIGHTNESS,sbSearchTerm_innerbrightness_US_2026-03-21_2026-04-20.json,2026-04-21 01:59:18
8710,2026-04-21 01:59:18.626969,2026-04-21 01:59:18.626969,2026-04-15,81.72,213223474575661,3,0,EXACT,3,0,0,451520502515809,52.96,3.5,1,0,magnesium gummies for women,1,CPC,DAILY_BUDGET,ENABLED,0,EXACT,11.84,0,300.0,0,30.66,3,Inner-SB-Collection-gumm-magnesium-CPC-1,107283922414881,93,0,0,76,magnesium gummies for women,USD,0,9,0,0.0,Inner-SB-Collection-gumm-magnesium-CPC-1,0,52.96,sbSearchTerm,US,INNERBRIGHTNESS,sbSearchTerm_innerbrightness_US_2026-03-21_2026-04-20.json,2026-04-21 01:59:18
8711,2026-04-21 01:59:18.626969,2026-04-21 01:59:18.626969,2026-04-16,75.41,213223474575661,0,0,EXACT,0,0,0,451520502515809,0.0,3.5,0,0,magnesium gummies for women,0,CPC,DAILY_BUDGET,ENABLED,0,EXACT,15.22,0,300.0,0,25.2,0,Inner-SB-Collection-gumm-magnesium-CPC-1,107283922414881,61,0,0,46,magnesium gummies for women,USD,0,7,0,0.0,Inner-SB-Collection-gumm-magnesium-CPC-1,0,0.0,sbSearchTerm,US,INNERBRIGHTNESS,sbSearchTerm_innerbrightness_US_2026-03-21_2026-04-20.json,2026-04-21 01:59:18
8712,2026-04-21 01:59:18.626969,2026-04-21 01:59:18.626969,2026-04-17,64.91,213223474575661,3,0,EXACT,3,0,0,451520502515809,52.96,3.5,0,0,magnesium gummies for women,0,CPC,DAILY_BUDGET,ENABLED,0,EXACT,12.16,0,300.0,0,32.2,3,Inner-SB-Collection-gumm-magnesium-CPC-1,107283922414881,114,0,0,74,magnesium gummies for women,USD,0,9,0,0.0,Inner-SB-Collection-gumm-magnesium-CPC-1,0,52.96,sbSearchTerm,US,INNERBRIGHTNESS,sbSearchTerm_innerbrightness_US_2026-03-21_2026-04-20.json,2026-04-21 01:59:18
8716,2026-04-21 01:59:18.626969,2026-04-21 01:59:18.626969,2026-04-17,100.0,214558527883028,0,0,EXACT,0,0,0,451520502515809,0.0,3.5,0,0,magnesium gummies gummies,0,CPC,DAILY_BUDGET,ENABLED,0,EXACT,100.0,0,300.0,0,6.36,0,Inner-SB-Collection-gumm-magnesium-CPC-1,107283922414881,2,0,0,2,magnesium gummies,USD,0,2,0,0.0,Inner-SB-Collection-gumm-magnesium-CPC-1,0,0.0,sbSearchTerm,US,INNERBRIGHTNESS,sbSearchTerm_innerbrightness_US_2026-03-21_2026-04-20.json,2026-04-21 01:59:18
8717,2026-04-21 01:59:18.626969,2026-04-21 01:59:18.626969,2026-04-16,100.0,213223474575661,0,0,EXACT,0,0,0,451520502515809,0.0,3.5,0,0,magnesium gummies women,0,CPC,DAILY_BUDGET,ENABLED,0,EXACT,100.0,0,300.0,0,3.25,0,Inner-SB-Collection-gumm-magnesium-CPC-1,107283922414881,1,0,0,1,magnesium gummies for women,USD,0,1,0,0.0,Inner-SB-Collection-gumm-magnesium-CPC-1,0,0.0,sbSearchTerm,US,INNERBRIGHTNESS,sbSearchTerm_innerbrightness_US_2026-03-21_2026-04-20.json,2026-04-21 01:59:18
8718,2026-04-21 01:59:18.626969,2026-04-21 01:59:18.626969,2026-04-11,85.71,214558527883028,0,0,EXACT,0,0,0,451520502515809,0.0,3.5,0,0,magnesium gummy,0,CPC,DAILY_BUDGET,ENABLED,0,EXACT,16.67,0,300.0,0,4.0,0,Inner-SB-Collection-gumm-magnesium-CPC-1,107283922414881,7,0,0,6,magnesium gummies,USD,0,1,0,0.0,Inner-SB-Collection-gumm-magnesium-CPC-1,0,0.0,sbSearchTerm,US,INNERBRIGHTNESS,sbSearchTerm_innerbrightness_US_2026-03-21_2026-04-20.json,2026-04-21 01:59:18
8719,2026-04-21 01:59:18.626969,2026-04-21 01:59:18.626969,2026-04-13,80.0,214558527883028,0,0,EXACT,0,0,0,451520502515809,0.0,3.5,0,0,magnesium gummy,0,CPC,DAILY_BUDGET,ENABLED,0,EXACT,25.0,0,300.0,0,3.23,0,Inner-SB-Collection-gumm-magnesium-CPC-1,107283922414881,5,0,0,4,magnesium gummies,USD,0,1,0,0.0,Inner-SB-Collection-gumm-magnesium-CPC-1,0,0.0,sbSearchTerm,US,INNERBRIGHTNESS,sbSearchTerm_innerbrightness_US_2026-03-21_2026-04-20.json,2026-04-21 01:59:18
8720,2026-04-21 01:59:18.626969,2026-04-21 01:59:18.626969,2026-04-16,64.71,214558527883028,0,0,EXACT,0,0,0,451520502515809,0.0,3.5,0,0,magnesium gummy,0,CPC,DAILY_BUDGET,ENABLED,0,EXACT,27.27,0,300.0,0,11.2,0,Inner-SB-Collection-gumm-magnesium-CPC-1,107283922414881,17,0,0,11,magnesium gummies,USD,0,3,0,0.0,Inner-SB-Collection-gumm-magnesium-CPC-1,0,0.0,sbSearchTerm,US,INNERBRIGHTNESS,sbSearchTerm_innerbrightness_US_2026-03-21_2026-04-20.json,2026-04-21 01:59:18
8724,2026-04-21 01:59:18.626969,2026-04-21 01:59:18.626969,2026-04-17,100.0,214558527883028,1,0,EXACT,1,0,0,451520502515809,13.99,3.5,0,0,magnesium. gummies,0,CPC,DAILY_BUDGET,ENABLED,0,EXACT,100.0,0,300.0,0,2.8,1,Inner-SB-Collection-gumm-magnesium-CPC-1,107283922414881,1,0,0,1,magnesium gummies,USD,0,1,0,0.0,Inner-SB-Collection-gumm-magnesium-CPC-1,0,13.99,sbSearchTerm,US,INNERBRIGHTNESS,sbSearchTerm_innerbrightness_US_2026-03-21_2026-04-20.json,2026-04-21 01:59:18
8725,2026-04-21 01:59:18.626969,2026-04-21 01:59:18.626969,2026-04-12,100.0,219053034520263,0,0,EXACT,0,0,0,451520502515809,0.0,3.5,0,0,women magnesium gummies,0,CPC,DAILY_BUDGET,ENABLED,0,EXACT,100.0,0,300.0,0,4.0,0,Inner-SB-Collection-gumm-magnesium-CPC-1,107283922414881,1,0,0,1,women magnesium gummies,USD,0,1,0,0.0,Inner-SB-Collection-gumm-magnesium-CPC-1,0,0.0,sbSearchTerm,US,INNERBRIGHTNESS,sbSearchTerm_innerbrightness_US_2026-03-21_2026-04-20.json,2026-04-21 01:59:18
8726,2026-04-21 01:59:18.626969,2026-04-21 01:59:18.626969,2026-04-17,50.0,219053034520263,1,0,EXACT,1,0,0,451520502515809,19.99,3.5,0,0,women magnesium gummies,0,CPC,DAILY_BUDGET,ENABLED,0,EXACT,33.33,0,300.0,0,3.5,1,Inner-SB-Collection-gumm-magnesium-CPC-1,107283922414881,6,0,0,3,women magnesium gummies,USD,0,1,0,0.0,Inner-SB-Collection-gumm-magnesium-CPC-1,0,19.99,sbSearchTerm,US,INNERBRIGHTNESS,sbSearchTerm_innerbrightness_US_2026-03-21_2026-04-20.json,2026-04-21 01:59:18
8730,2026-04-21 01:59:18.626969,2026-04-21 01:59:18.626969,2026-04-15,100.0,63809869731050,0,0,EXACT,0,0,0,451520502515809,0.0,3.5,0,0,￼magnesium glycinate gummies,0,CPC,DAILY_BUDGET,ENABLED,0,EXACT,100.0,0,300.0,0,5.52,0,Inner-SB-Collection-gumm-magnesium-CPC-1,107283922414881,2,0,0,2,magnesium glycinate gummies,USD,0,2,0,0.0,Inner-SB-Collection-gumm-magnesium-CPC-1,0,0.0,sbSearchTerm,US,INNERBRIGHTNESS,sbSearchTerm_innerbrightness_US_2026-03-21_2026-04-20.json,2026-04-21 01:59:18
8732,2026-04-21 01:59:18.626969,2026-04-21 01:59:18.626969,2026-04-14,100.0,214558527883028,0,0,EXACT,0,0,0,451520502515809,0.0,3.5,0,0,￼magnesium gummies,0,CPC,DAILY_BUDGET,ENABLED,0,EXACT,25.0,0,300.0,0,3.5,0,Inner-SB-Collection-gumm-magnesium-CPC-1,107283922414881,4,0,0,4,magnesium gummies,USD,0,1,0,0.0,Inner-SB-Collection-gumm-magnesium-CPC-1,0,0.0,sbSearchTerm,US,INNERBRIGHTNESS,sbSearchTerm_innerbrightness_US_2026-03-21_2026-04-20.json,2026-04-21 01:59:18
8733,2026-04-21 01:59:18.626969,2026-04-21 01:59:18.626969,2026-04-15,100.0,214558527883028,1,0,EXACT,1,0,0,451520502515809,13.99,3.5,0,0,￼magnesium gummies,0,CPC,DAILY_BUDGET,ENABLED,0,EXACT,50.0,0,300.0,0,2.7,1,Inner-SB-Collection-gumm-magnesium-CPC-1,107283922414881,2,0,0,2,magnesium gummies,USD,0,1,0,0.0,Inner-SB-Collection-gumm-magnesium-CPC-1,0,13.99,sbSearchTerm,US,INNERBRIGHTNESS,sbSearchTerm_innerbrightness_US_2026-03-21_2026-04-20.json,2026-04-21 01:59:18
8734,2026-04-21 01:59:18.626969,2026-04-21 01:59:18.626969,2026-04-16,83.33,214558527883028,0,0,EXACT,0,0,0,451520502515809,0.0,3.5,0,0,￼magnesium gummies,0,CPC,DAILY_BUDGET,ENABLED,0,EXACT,20.0,0,300.0,0,3.5,0,Inner-SB-Collection-gumm-magnesium-CPC-1,107283922414881,6,0,0,5,magnesium gummies,USD,0,1,0,0.0,Inner-SB-Collection-gumm-magnesium-CPC-1,0,0.0,sbSearchTerm,US,INNERBRIGHTNESS,sbSearchTerm_innerbrightness_US_2026-03-21_2026-04-20.json,2026-04-21 01:59:18
8735,2026-04-21 01:59:18.626969,2026-04-21 01:59:18.626969,2026-04-16,50.0,214558527883028,0,0,EXACT,0,0,0,451520502515809,0.0,3.5,0,0,￼magnesium gummy’s,0,CPC,DAILY_BUDGET,ENABLED,0,EXACT,100.0,0,300.0,0,3.5,0,Inner-SB-Collection-gumm-magnesium-CPC-1,107283922414881,2,0,0,1,magnesium gummies,USD,0,1,0,0.0,Inner-SB-Collection-gumm-magnesium-CPC-1,0,0.0,sbSearchTerm,US,INNERBRIGHTNESS,sbSearchTerm_innerbrightness_US_2026-03-21_2026-04-20.json,2026-04-21 01:59:18
